energy,sigma_m2,results,lambda,error1,error2,rate,T_e
0.02,4.308232533036036e-38,0.6210884853578771,8.6e-06,1e-05,7.1e-06,2.9907754418781345e-07,0.02
0.04,1.5867494714470662e-37,0.6169756012250278,3.4e-05,3.91e-05,2.79e-05,4.326014892647393e-06,0.04
0.06,4.756322857593554e-37,0.6126288650242717,7.52e-05,8.59e-05,6.2e-05,2.847864774061863e-05,0.06
0.08,6.422606869712871e-37,0.6081958213158576,0.0001314,0.0001492,0.0001089,6.670876148771368e-05,0.08
0.1,7.737728619325972e-37,0.6036785546362626,0.0002019,0.0002276,0.000168,0.00012257116158962217,0.1
0.12,1.7220512681387067e-36,0.5990341019838672,0.0002859,0.00032,0.0002388,0.00038330503139689384,0.12
0.14,1.5862368719496234e-36,0.5942658444132314,0.0003825,0.000425,0.0003202,0.0004686115526719505,0.14
0.16,2.646357600422764e-36,0.5924359425556808,0.0004912,0.0005413,0.0004131,0.0010008777337570636,0.16
0.18,2.685798349248806e-36,0.5843612712505486,0.0006112,0.0006671,0.0005188,0.0012467257062711314,0.18
0.2,3.261776131381252e-36,0.5792356617613658,0.0007417,0.0008001,0.0006356,0.001821253764887256,0.2
0.22,3.424041339573708e-36,0.5753579075989741,0.0008819,0.0009329,0.0007631,0.0022580272011506132,0.22
0.24,4.354560135588796e-36,0.5686359356976692,0.0010312,0.0010886,0.0009012,0.0033185948875232123,0.24
0.26,5.604592436408866e-36,0.5631787222638039,0.0011885,0.0012578,0.0010496,0.004875534136666393,0.26
0.28,6.073165671789433e-36,0.5576248373618826,0.0013528,0.0014354,0.0012081,0.005954202129056564,0.28
0.3,6.310076392966489e-36,0.5525594229881592,0.001522,0.0016193,0.0013763,0.0068970122913254266,0.3
0.32,6.736806139464965e-36,0.5415773018616071,0.0016919,0.0018012,0.0015541,0.0080227255527762,0.32
0.34,7.32119514747111e-36,0.5406797355885977,0.0018648,0.0020135,0.0017411,0.009593720846234341,0.34
0.36,8.109172480613897e-36,0.5345675191596376,0.002073,0.0022364,0.0019373,0.011679147626064243,0.36
0.38,9.553945742849707e-36,0.5286282879644693,0.0022901,0.0024683,0.0021423,0.015032124280112658,0.38
0.4,9.963579338209812e-36,0.5226447232492855,0.0025156,0.0027083,0.0023558,0.017025359082372855,0.4
0.42,1.0685593520557576e-35,0.5166214595493832,0.0027483,0.0029535,0.0025777,0.019718231926642422,0.42
0.44,1.1273151789795226e-35,0.5105686909428245,0.0029897,0.0032166,0.0028077,0.022364535710533845,0.44
0.46,1.1854620499741484e-35,0.5044979023264003,0.0032437,0.0034885,0.0030454,0.02521276303791968,0.46
0.48,1.2515575430758345e-35,0.4984220867884355,0.0035058,0.003769,0.0032906,0.028422873282261417,0.48
0.5,1.326482701897143e-35,0.4923485346458431,0.0037755,0.0040575,0.0035425,0.03204656285098958,0.5
0.52,1.406568413438941e-35,0.4862801004695271,0.0040511,0.0043531,0.0038002,0.036012482721488506,0.52
0.54,1.4877012325424323e-35,0.4802439241996196,0.0043362,0.0046605,0.0040586,0.0402642531582829,0.54
0.56,1.5674361135395158e-35,0.474240827740429,0.0046343,0.0049758,0.0043393,0.044771915340515125,0.56
0.58,1.3840573656198538e-35,0.4681935683021882,0.0049403,0.0052987,0.0046279,0.041606922844086965,0.58
0.6,1.7217733147438517e-35,0.4775370771873686,0.0052537,0.0056284,0.0049239,0.05614112101131289,0.6
0.62,1.7977447839450992e-35,0.4586187431783388,0.0055736,0.0059644,0.0052268,0.05972392971187413,0.62
0.64,1.8737999503420468e-35,0.4528554207445138,0.0059024,0.0063126,0.0055358,0.06509448158878227,0.64
0.66,1.950225395304083e-35,0.4453905744835425,0.0062405,0.006668,0.005855,0.07044950695162952,0.66
0.68,2.026992287502177e-35,0.4385796785617846,0.0065858,0.00703,0.0061811,0.07609250471931887,0.68
0.7,2.1040202622565255e-35,0.4339750091163137,0.0069381,0.0073976,0.0065139,0.08233565312985458,0.7
0.72,2.1802314059473955e-35,0.4285689653261296,0.0072968,0.0077714,0.0068528,0.08861117462060995,0.72
0.74,2.2582008078491505e-35,0.4232733719380027,0.0076633,0.0081584,0.0071971,0.09519893169236589,0.74
0.76,2.3351127969432595e-35,0.4180919655697312,0.0080373,0.008552,0.0075524,0.10198178419484233,0.76
0.78,2.4118077222003305e-35,0.4130244965444026,0.0084178,0.0089517,0.0079143,0.10898076091850466,0.78
0.8,2.4855752692783266e-35,0.408074124817146,0.0088044,0.0093566,0.0082824,0.11606425368365748,0.8
0.82,2.5644237042430474e-35,0.4032469303059579,0.0091962,0.0097682,0.0086566,0.12359531292465602,0.82
0.84,2.6402640141450566e-35,0.3985339458831338,0.0095966,0.010191,0.0090365,0.1312389689456896,0.84
0.86,2.7159552498102994e-35,0.3939544513677483,0.0100037,0.0106199,0.0094246,0.13911117603582424,0.86
0.88,2.791037124110728e-35,0.3895039785903237,0.0104165,0.0110545,0.0098187,0.14717433103824837,0.88
0.9,2.8659164969506434e-35,0.3851877955301158,0.0108348,0.0114939,0.0102186,0.15544962929546763,0.9
0.92,2.9404332143297157e-35,0.3809876008286409,0.0112568,0.0119402,0.0106242,0.1638965654066259,0.92
0.94,3.0145673606792117e-35,0.376906970355666,0.0116892,0.0123958,0.0110353,0.17261426851206285,0.94
0.96,3.0882994910363606e-35,0.3729710611568938,0.0121275,0.0128571,0.0114529,0.18155096861716735,0.96
0.98,3.161607371637348e-35,0.3691434047175368,0.0125711,0.0133236,0.011876,0.19068172456528087,0.98
1.0,3.23447243547036e-35,0.3654437457500005,0.0130196,0.0137947,0.0123044,0.2000112254429802,1.0
1.02,3.306905497657772e-35,0.3618633664581008,0.0134716,0.0142725,0.0127376,0.20951654485641738,1.02
1.04,3.378835330271353e-35,0.358399075397605,0.0139335,0.0147575,0.013176,0.2192940610247588,1.04
1.06,3.450243187969303e-35,0.355058540939012,0.0144004,0.0152477,0.0136209,0.22927514026081006,1.06
1.08,3.521173163305341e-35,0.3518271915195218,0.0148722,0.0157427,0.0140707,0.23945545930209286,1.08
1.1,3.5917587112754767e-35,0.3486966887738416,0.0153484,0.0162418,0.0145251,0.24983358907539946,1.1
1.12,3.66146938854154e-35,0.3456835952589305,0.0158284,0.0167471,0.0149836,0.2603777894115532,1.12
1.14,3.730817266454404e-35,0.3427746258699165,0.0163168,0.0172581,0.0154474,0.27119418607493445,1.14
1.16,3.799622415417432e-35,0.3399684344593083,0.0168097,0.0177736,0.0159178,0.2822095720190562,1.16
1.18,3.867880230474537e-35,0.3372609491734783,0.0173072,0.0182931,0.0163925,0.2934260240240034,1.18
1.2,3.9355895778811086e-35,0.3346455905234608,0.0178087,0.0188155,0.0168714,0.30483151719089513,1.2
1.22,4.002746282074161e-35,0.3321359875946824,0.018314,0.0193455,0.017354,0.31643895995844673,1.22
1.24,4.0693531434323664e-35,0.3296972761771739,0.0188261,0.0198808,0.0178418,0.3282720002920804,1.24
1.26,4.135413344084665e-35,0.3273555402487514,0.0193423,0.0204201,0.0183353,0.34031373392923514,1.26
1.28,4.2009320894574897e-35,0.3251060886325482,0.0198625,0.020963,0.0188328,0.3525635538767378,1.28
1.3,4.2659187452584986e-35,0.3229165917320796,0.0203864,0.0215083,0.019334,0.36498601255738233,1.3
1.32,4.330379642547057e-35,0.3208276165870034,0.020914,0.0220612,0.0198385,0.3776309333954721,1.32
1.34,4.3943639699706855e-35,0.3188005603195457,0.0214469,0.0226181,0.0203481,0.3904922050782791,1.34
1.36,4.457813095932945e-35,0.3168405598205696,0.0219835,0.0231785,0.0208625,0.40354521904686264,1.36
1.38,4.5207376206862266e-35,0.3149571022093828,0.0225234,0.0237423,0.0213805,0.41679970067616773,1.38
1.4,4.5832335583078715e-35,0.3131504434170313,0.0230663,0.0243083,0.021902,0.43026468051988215,1.4
1.42,4.6452820098090634e-35,0.3113984943314656,0.0236128,0.0248808,0.0224262,0.4439242019619335,1.42
1.44,4.706904526173649e-35,0.309703352229344,0.0241649,0.0254564,0.0229554,0.45782450939302477,1.44
1.46,4.768124638071439e-35,0.3080774101259266,0.0247203,0.0260352,0.0234883,0.4719477629934928,1.46
1.48,4.828967820257104e-35,0.3065116580406427,0.0252787,0.0266168,0.0240244,0.4862826620884115,1.48
1.5,4.889723982289648e-35,0.3049941563578978,0.0258395,0.0272007,0.0245636,0.5008327378959568,1.5
1.52,4.949634931924742e-35,0.3035211241723939,0.026404,0.0277896,0.0251052,0.5155425972862289,1.52
1.54,5.009518788072578e-35,0.3021203723062423,0.0269731,0.0283813,0.0256513,0.5305662548052009,1.54
1.56,5.069147666587575e-35,0.3007564241035793,0.027545,0.0289755,0.0262003,0.5457897469136398,1.56
1.58,4.762830998206741e-35,0.2994373039671749,0.0281195,0.0295717,0.0267521,0.521208404944626,1.58
1.6,5.187769678558133e-35,0.2981648755163595,0.0286963,0.0301698,0.0273063,0.5768937217960651,1.6
1.62,5.24683760610994e-35,0.2969370325402321,0.0292763,0.0307739,0.0278624,0.5928037148059908,1.62
1.64,5.305794329241759e-35,0.2957510024574737,0.0298599,0.0313803,0.0284235,0.608972563549182,1.64
1.66,5.364679498282535e-35,0.2946094999368829,0.030446,0.0319888,0.0289872,0.6253937143992799,1.66
1.68,5.423533746803502e-35,0.2934917101224916,0.0310342,0.032599,0.0295533,0.6420243224666682,1.68
1.7,5.482400247076655e-35,0.2924290207045174,0.0316243,0.0332111,0.0301215,0.6589384810734124,1.7
1.72,5.541319113885901e-35,0.2913848216960182,0.0322174,0.033828,0.0306914,0.6760881387026267,1.72
1.74,5.60033414785908e-35,0.2903908590407144,0.0328133,0.0344467,0.0312656,0.6935528038975933,1.74
1.76,5.659606921575572e-35,0.2894159660618972,0.033411,0.0350672,0.031842,0.7112642334156618,1.76
1.78,5.695981572822288e-35,0.2884801448685015,0.0340105,0.0356888,0.0324204,0.726323775787987,1.78
1.8,5.778392989107215e-35,0.2875826767172291,0.0346108,0.0363124,0.0330007,0.7475051262525009,1.8
1.82,5.838230697874233e-35,0.2867054681258785,0.0352152,0.0369403,0.0335826,0.7660905909082496,1.82
1.84,5.89843460456554e-35,0.2858477993586182,0.035822,0.0375696,0.0341678,0.7849720482414155,1.84
1.86,5.958950303548818e-35,0.2850267594788745,0.0364304,0.0382003,0.0347548,0.8041777993180045,1.86
1.88,6.019868904952574e-35,0.2842301121444928,0.0370401,0.0388318,0.0353435,0.8236866204949749,1.88
1.9,6.081233573670873e-35,0.2834678075570848,0.0376503,0.0394653,0.0359336,0.8435223832103551,1.9
1.92,6.143032285396426e-35,0.282722742528887,0.0382645,0.040102,0.0365253,0.8637187083189727,1.92
1.94,6.205417413445818e-35,0.2819893119015131,0.0388802,0.0407399,0.0371195,0.8842292540143029,1.94
1.96,6.268375018833651e-35,0.2812968049131038,0.0394971,0.0413787,0.0377151,0.9051440918196807,1.96
1.98,6.331945804923268e-35,0.2806153421966797,0.040115,0.0420177,0.038312,0.9263777986165356,1.98
2.0,6.396169263865338e-35,0.2799537783212157,0.040733,0.042659,0.0389098,0.9479499750785281,2.0
2.02,6.461083862330905e-35,0.2793087607340289,0.0413551,0.0433028,0.0395089,0.9699553710161203,2.02
2.04,6.526726984946951e-35,0.2786833691321717,0.0419782,0.0439474,0.0401109,0.9923458367563558,2.04
2.06,6.593134857185974e-35,0.2780855188978586,0.0426021,0.0445924,0.040714,1.0151590281132068,2.06
2.08,6.660342510442875e-35,0.2775048040201746,0.0432267,0.0452374,0.0413181,1.0383694262710133,2.08
2.1,6.728385984101808e-35,0.2769375093097886,0.0438513,0.0458847,0.0419227,1.0619593505863147,2.1
2.12,6.77929556506792e-35,0.2763845641976608,0.0444793,0.0465337,0.0425287,1.0831510824569743,2.12
2.14,6.86709692074385e-35,0.2758520744008143,0.0451079,0.0471831,0.0431367,1.1105414711179615,2.14
2.16,6.937827583892165e-35,0.2753198691514845,0.0457371,0.0478326,0.0437456,1.135435379625399,2.16
2.18,7.009513256494486e-35,0.2748204157717314,0.0463664,0.0484813,0.044355,1.1608416243866637,2.18
2.2,7.082180829025757e-35,0.2743309479323078,0.0469959,0.0491331,0.0449646,1.1866824717881368,2.2
2.22,7.156247589470967e-35,0.2738465799810588,0.0476281,0.0497859,0.0455756,1.2130778614795623,2.22
2.24,7.230992973383444e-35,0.2733881443926315,0.0482606,0.0504388,0.0461883,1.2399468644806704,2.24
2.26,7.306322349667341e-35,0.272929934797267,0.0488934,0.0510914,0.0468014,1.267164449495455,2.26
2.28,7.383157731498464e-35,0.272496215387679,0.049526,0.0517428,0.0474149,1.2949965631474303,2.28
2.3,7.455720490628272e-35,0.2720673855409452,0.0501587,0.0523976,0.0480282,1.3223460264125486,2.3
2.32,7.540131263344817e-35,0.271646761696209,0.0507935,0.0530523,0.0486429,1.352148277058596,2.32
2.34,7.620304608741924e-35,0.2712541640772236,0.0514283,0.0537068,0.0492587,1.3816042335244876,2.34
2.36,7.701625550603258e-35,0.2708486785329397,0.052063,0.0543606,0.0498745,1.4114680477769916,2.36
2.38,7.784104701408283e-35,0.2704663195754785,0.0526972,0.0550131,0.0504904,1.4419232390066172,2.38
2.4,7.86775637433387e-35,0.2700931586841003,0.0533315,0.0556687,0.0511057,1.472926334998117,2.4
2.42,7.95259207012711e-35,0.2697273307077741,0.0539677,0.0563239,0.0517226,1.5045281259685621,2.42
2.44,8.038622008467337e-35,0.2693833007358416,0.0546036,0.0569785,0.0523399,1.5367608756574156,2.44
2.46,8.125855159135357e-35,0.269029906327644,0.0552391,0.0576322,0.0529572,1.5694553773138773,2.46
2.48,8.21429927483356e-35,0.2687035412798644,0.0558737,0.0582845,0.053574,1.602817532466712,2.48
2.5,8.303960925414331e-35,0.2683731109176439,0.0565085,0.0589393,0.0541898,1.6367065392517828,2.5
2.52,8.394845873182605e-35,0.2680525998848643,0.0571444,0.0595935,0.0548076,1.6712413366361787,2.52
2.54,8.486957765155918e-35,0.2677439237728655,0.0577798,0.0602467,0.0554251,1.7063984180139873,2.54
2.56,8.580300161803415e-35,0.2674351579436148,0.0584143,0.0608987,0.0560422,1.7420992714887995,2.56
2.58,8.674875264053544e-35,0.2671333815849789,0.0590476,0.0615494,0.0566587,1.778387478724746,2.58
2.6,8.770684296121825e-35,0.2668502796641051,0.0596814,0.0622021,0.0572738,1.8154023119237315,2.6
2.62,8.708405996699121e-35,0.2665704233780426,0.0603158,0.0628539,0.057891,1.819761461409515,2.62
2.64,8.966004081535453e-35,0.2662887177266301,0.0609492,0.0635044,0.0585076,1.8912652771918625,2.64
2.66,8.693695384884238e-35,0.266018280733155,0.0615816,0.0641533,0.0591235,1.850970984053435,2.66
2.68,9.166250662992031e-35,0.2657589490105183,0.0622124,0.0648011,0.0597384,1.9696511940852501,2.68
2.7,9.268214995223671e-35,0.2655085457573088,0.0628439,0.0654505,0.0603522,2.009881595833312,2.7
2.72,9.371401633831413e-35,0.2652506176566673,0.0634753,0.0660985,0.0609673,2.0506826543996266,2.72
2.74,9.475805862911303e-35,0.2650075268681111,0.0641055,0.0667451,0.0615815,2.0921961397751905,2.74
2.76,9.581496808560183e-35,0.2647665502514467,0.0647345,0.0673899,0.0621947,2.134346936393314,2.76
2.78,9.688321094827084e-35,0.2645417598650858,0.0653613,0.0680337,0.0628067,2.1771892675009386,2.78
2.8,9.796344596013895e-35,0.2643088168679279,0.0659893,0.068678,0.0634175,2.220659471975151,2.8
2.82,9.905560016314302e-35,0.2640820805552691,0.0666166,0.0693207,0.0640292,2.2648172844069583,2.82
2.84,1.0015959503604724e-34,0.2638644942321931,0.0672425,0.0699617,0.0646399,2.3096709274012865,2.84
2.86,1.0127534682244762e-34,0.2636559299550832,0.0678667,0.0706005,0.0652493,2.355216070163136,2.86
2.88,1.0240334319516622e-34,0.263451827186593,0.0684884,0.0712385,0.0658573,2.401403348624427,2.88
2.9,1.0354384020331676e-34,0.2632395568440706,0.0691119,0.0718765,0.0664641,2.448279479527268,2.9
2.92,1.046914053401441e-34,0.2630421591815224,0.0697339,0.0725126,0.0670714,2.4958189969864275,2.92
2.94,1.0585325313709316e-34,0.2628484964506418,0.0703543,0.0731467,0.0676774,2.5440936496848714,2.94
2.96,1.070264048283203e-34,0.2626606403153265,0.0709729,0.0737782,0.0682819,2.593052011056635,2.96
2.98,1.0787839713094832e-34,0.2624649161931658,0.0715891,0.0744094,0.0688846,2.6344222632199363,2.98
3.0,1.0940602545953467e-34,0.2622864711166503,0.0722061,0.0750399,0.0694862,2.6929219148186045,3.0
3.02,1.1061229890819182e-34,0.2621127477475085,0.0728214,0.0756683,0.0700879,2.743995070119825,3.02
3.04,1.1182939189081202e-34,0.2619396395922659,0.0734348,0.0762945,0.0706881,2.795708238742472,3.04
3.06,1.130571843561323e-34,0.2617671379049618,0.0740461,0.0769178,0.0712866,2.8480540044176688,3.06
3.08,1.1429555401871703e-34,0.2615949141909648,0.0746552,0.077541,0.071883,2.9010247749864213,3.08
3.1,1.1554437657661855e-34,0.2614260710786395,0.0752646,0.0781626,0.0724785,2.9547531788288386,3.1
3.12,1.1680352592002667e-34,0.2612718755419103,0.075872,0.0787819,0.0730736,3.009282011409798,3.12
3.14,1.180728743311315e-34,0.2611182588668485,0.0764774,0.0793987,0.0736671,3.0644548897572053,3.14
3.16,1.193522926752247e-34,0.2609539872368308,0.0770804,0.0800119,0.0742586,3.120120763706913,3.16
3.18,1.2064165080435124e-34,0.2608141665770476,0.0776811,0.0806261,0.0748478,3.176702582901312,3.18
3.2,1.2194081681893768e-34,0.2606569039090209,0.0782819,0.0812382,0.0754362,3.2337945975469835,3.2
3.22,1.2324965864389587e-34,0.2605134940287901,0.0788806,0.0818477,0.0760235,3.2916897504563303,3.22
3.24,1.2456804322130062e-34,0.2603789704841286,0.079477,0.0824546,0.0766089,3.3503235832670466,3.24
3.26,1.224720854943077e-34,0.2602360869682595,0.0800707,0.0830579,0.0771921,3.316736724358834,3.26
3.28,1.272329056209063e-34,0.2600944379868689,0.0806624,0.0836617,0.0777727,3.4692403668909115,3.28
3.3,1.2857911863131267e-34,0.2599580983379215,0.0812534,0.0842629,0.0783528,3.52978358897972,3.3
3.32,1.2993433415572641e-34,0.2598264438362258,0.081842,0.0848613,0.0789313,3.5910069805408087,3.32
3.34,1.312984211208773e-34,0.2596993063955705,0.0824281,0.0854567,0.0795076,3.652904544760931,3.34
3.36,1.3267124496422971e-34,0.2595769785208979,0.0830112,0.0860486,0.0800816,3.7154584626034897,3.36
3.38,1.3405267129247187e-34,0.2594579077305844,0.0835925,0.0866408,0.0806526,3.778700221976451,3.38
3.4,1.3544256598431942e-34,0.259332312157105,0.084173,0.0872301,0.0812235,3.8425307547135086,3.4
3.42,1.368407952873996e-34,0.259204965248868,0.0847509,0.0878164,0.0817923,3.9069330202889994,3.42
3.44,1.3810829033165706e-34,0.259097916099722,0.0853262,0.0883995,0.0823588,3.968248080415331,3.44
3.46,1.3952239835049374e-34,0.2589776319358959,0.0858983,0.0889793,0.0829227,4.033884863678862,3.46
3.48,1.4108416074940556e-34,0.258866191614833,0.0864687,0.089559,0.0834835,4.1043582781565515,3.48
3.5,1.4251442877904522e-34,0.2587540740449523,0.0870375,0.0901357,0.084044,4.1714321307959334,3.5
3.52,1.439523476397589e-34,0.2586507227536978,0.0876036,0.0907092,0.0846021,4.239231589380117,3.52
3.54,1.453978111604195e-34,0.2585336253189519,0.0881668,0.0912792,0.0851576,4.3073754080146545,3.54
3.56,1.4685069042468884e-34,0.2584368166197902,0.0887265,0.0918461,0.0857103,4.376394531993587,3.56
3.58,1.4831085747142838e-34,0.258337316246798,0.0892849,0.0924125,0.0862598,4.446014214950475,3.58
3.6,1.4977818534744846e-34,0.2582300292269461,0.0898413,0.0929757,0.0868091,4.516105485242915,3.6
3.62,1.512525481563215e-34,0.2581259369102111,0.0903947,0.0935356,0.0873559,4.586802642643669,3.62
3.64,1.5273382110342224e-34,0.2580279102775936,0.090945,0.0940917,0.0878998,4.658150011518747,3.64
3.66,1.5422188053735682e-34,0.2579334101633407,0.0914914,0.0946451,0.0884409,4.730059553160397,3.66
3.68,1.5556781784170914e-34,0.2578394729914821,0.0920371,0.0951971,0.0889788,4.798050688346569,3.68
3.7,1.572178702012541e-34,0.2577462414574648,0.0925804,0.0957458,0.089516,4.875801801364445,3.7
3.72,1.5872555917062586e-34,0.2576543081613009,0.0931204,0.096291,0.0900503,4.949505920494133,3.72
3.74,1.60239552321595e-34,0.2575667158880905,0.0936572,0.0968322,0.0905817,5.023811946142508,3.74
3.76,1.617597319000663e-34,0.2574843824910769,0.0941896,0.0973709,0.09111,5.09867117676955,3.76
3.78,1.6328598197287899e-34,0.2574029624403454,0.0947221,0.0979079,0.0916353,5.1742392023057295,3.78
3.8,1.6481818778327063e-34,0.2573125276967522,0.0952514,0.0984413,0.0921594,5.250131415804407,3.8
3.82,1.6635623593860636e-34,0.2572227856833371,0.0957774,0.098971,0.0926806,5.326529134917505,3.82
3.84,1.679000144262876e-34,0.2571508385251319,0.0962999,0.0994963,0.0931988,5.403774970446732,3.84
3.86,1.694559414366687e-34,0.2570657957201588,0.0968183,0.1000198,0.0937135,5.4813973953503226,3.86
3.88,1.7101110450564624e-34,0.2569838960443191,0.0973361,0.1005411,0.0942255,5.559514959720009,3.88
3.9,1.7257166928955662e-34,0.2569129333016207,0.0978506,0.1010586,0.0947361,5.638345723490332,3.9
3.92,1.7413752925441915e-34,0.2568278006358269,0.0983617,0.1015723,0.0952436,5.717328918597462,3.92
3.94,1.7570857930023836e-34,0.2567600052157401,0.098869,0.1020813,0.0957478,5.7971324845065215,3.94
3.96,1.772847157655093e-34,0.2566814370004212,0.0993723,0.102589,0.0962484,5.877110281785989,3.96
3.98,1.7885779933120687e-34,0.2566061849794204,0.0998748,0.1030937,0.0967466,5.957494724863827,3.98
4.0,1.8005893969738099e-34,0.2565432492106037,0.1003738,0.1035946,0.097243,6.025989720692229,4.0
4.02,1.8165121055727003e-34,0.2564635245882133,0.1008691,0.1040914,0.0977361,6.107377851429332,4.02
4.04,1.8362933324348734e-34,0.2563928404673386,0.1013606,0.1045832,0.0982258,6.202258524681849,4.04
4.06,1.8522915720381022e-34,0.256332682693768,0.1018482,0.1050744,0.0987118,6.2849153455402265,4.06
4.08,1.8683347820548582e-34,0.2562661455454204,0.1023348,0.105562,0.0991954,6.3679848552699925,4.08
4.1,1.8844220264761592e-34,0.2561938013970086,0.1028177,0.1060455,0.0996768,6.45130263336444,4.1
4.12,1.9005523855304636e-34,0.2561242963001646,0.1032968,0.1065249,0.1001548,6.535069817248591,4.12
4.14,1.9167249529091174e-34,0.2560593435586474,0.103772,0.1069993,0.1006292,6.619319628987745,4.14
4.16,1.932938836381357e-34,0.255997408608511,0.1042435,0.1074729,0.1010995,6.7040216247108315,4.16
4.18,1.9491931577135304e-34,0.2559366527293134,0.1047135,0.1079424,0.101568,6.7892653180359,4.18
4.2,1.9654870525807224e-34,0.2558761090842457,0.1051797,0.1084077,0.1020337,6.874871643561909,4.2
4.22,1.9818196704714006e-34,0.2558152754307408,0.105642,0.1088687,0.102496,6.960812957557642,4.22
4.24,1.9981901745856503e-34,0.2557543733187182,0.1061,0.1093247,0.1029544,7.0470607072745075,4.24
4.26,2.0145977417276872e-34,0.2556941670384302,0.1065549,0.1097801,0.1034084,7.133708030631572,4.26
4.28,2.031041562192643e-34,0.255635900486771,0.1070077,0.1102313,0.1038614,7.220851697892753,4.28
4.3,2.0475208754075013e-34,0.2555816218198657,0.1074566,0.1106782,0.104311,7.308425024763063,4.3
4.32,2.064034827451694e-34,0.2555309305971967,0.1079014,0.1111205,0.104757,7.3963987791162165,4.32
4.34,2.08058268343172e-34,0.2554796456335417,0.1083418,0.1115583,0.1051992,7.484625455798033,4.34
4.36,2.0971636863816753e-34,0.2554207057029963,0.1087793,0.1119949,0.1056367,7.572990818302821,4.36
4.38,2.1137770921942483e-34,0.2553599366990927,0.1092142,0.1124271,0.1060733,7.66167628989844,4.38
4.4,2.1254360673195543e-34,0.2553115789553219,0.1096451,0.112855,0.1065063,7.732866746716927,4.4
4.42,2.142098596062393e-34,0.2552667002274004,0.1100717,0.1132781,0.1069355,7.8224363116224405,4.42
4.44,2.1638044757174433e-34,0.2552066355905365,0.1104935,0.1136971,0.1073607,7.930114326980217,4.44
4.46,2.180540304225941e-34,0.2551562874082265,0.1109133,0.1141142,0.1077815,8.020228853266946,4.46
4.48,2.1973054198601837e-34,0.2551147494311761,0.1113299,0.1145269,0.108201,8.110928162246942,4.48
4.5,2.214098317353004e-34,0.2550545365046649,0.1117425,0.1149352,0.1086167,8.201269414884758,4.5
4.52,2.230918756813504e-34,0.2550155918698423,0.1121507,0.1153385,0.1090286,8.292495010417603,4.52
4.54,2.2477660918664366e-34,0.2549614787796191,0.1125537,0.1157381,0.1094364,8.38336165889597,4.54
4.56,2.2646396876838212e-34,0.2549178171080498,0.1129554,0.1161353,0.10984,8.474987059608168,4.56
4.58,2.281538920832411e-34,0.2548695368752027,0.1133534,0.1165281,0.1102418,8.566691030618838,4.58
4.6,2.2984631791201557e-34,0.2548262058658502,0.1137471,0.1169162,0.1106396,8.658740275484764,4.6
4.62,2.315411861442786e-34,0.2547765976066177,0.1141364,0.1172992,0.1110335,8.75073835165272,4.62
4.64,2.332384377629854e-34,0.2547397400020073,0.1145204,0.117679,0.1114231,8.843260579057631,4.64
4.66,2.3493801482901782e-34,0.2546851753879054,0.1149034,0.1180559,0.1118088,8.935576594121303,4.66
4.68,2.365175354622552e-34,0.2546528506296932,0.1152822,0.1184283,0.1121926,9.02416201555394,4.68
4.7,2.382233138189922e-34,0.2546038868684198,0.1156566,0.1187958,0.1125724,9.117010460521245,4.7
4.72,2.3993128927511674e-34,0.2545588360112154,0.1160264,0.1191579,0.1129482,9.210105872668706,4.72
4.74,2.416414072923932e-34,0.2545271111677649,0.1163912,0.1195175,0.1133194,9.303755559365335,4.74
4.76,2.434688275208172e-34,0.254480050893892,0.1167547,0.1198738,0.113687,9.401653053371378,4.76
4.78,2.4518119897953222e-34,0.2544344636911975,0.1171139,0.1202254,0.1140524,9.495203702061135,4.78
4.8,2.468955192056127e-34,0.2544023762785735,0.1174686,0.1205721,0.1144137,9.58934415789037,4.8
4.82,2.486117383325357e-34,0.254366199555658,0.1178185,0.1209131,0.1147709,9.683386393879934,4.82
4.84,2.5033105874181633e-34,0.254320618928018,0.1181638,0.1212524,0.1151234,9.777177459253734,4.84
4.86,2.520509425992045e-34,0.2542775919682229,0.1185073,0.1215876,0.1154726,9.871297944702611,4.86
4.88,2.5377258099074954e-34,0.2542431091515343,0.1188465,0.121918,0.1158191,9.965819682378125,4.88
4.9,2.545272435783674e-34,0.2542115624242425,0.1191811,0.1222434,0.1161615,10.022353221092033,4.9
4.92,2.5625110450028323e-34,0.254177555688199,0.1195109,0.1225628,0.1164996,10.116800894408323,4.92
4.94,2.579766942229952e-34,0.2541397884030915,0.1198362,0.1228813,0.1168329,10.211132399641022,4.94
4.96,2.6067576916185046e-34,0.2541004053177249,0.1201595,0.1231951,0.1171633,10.344199192955715,4.96
4.98,2.624055047448415e-34,0.2540615646953313,0.1204784,0.1235041,0.1174906,10.43887848506574,4.98
5.0,2.6413673064950483e-34,0.2540243992554857,0.1207926,0.123808,0.1178137,10.533611612721591,5.0
5.02,2.6586940576454887e-34,0.253988726498976,0.1211019,0.1241061,0.1181324,10.628366047025626,5.02
5.04,2.676034897772627e-34,0.2539546153756065,0.1214072,0.124403,0.1184461,10.72321631527346,5.04
5.06,2.693389431599686e-34,0.2539209285225732,0.12171,0.1246951,0.1187575,10.818241013172084,5.06
5.08,2.7107572715676006e-34,0.2538876052142351,0.1220082,0.1249823,0.1190654,10.913244658338996,5.08
5.1,2.6400127095099554e-34,0.2538547400484994,0.1223018,0.1252644,0.1193689,10.652631024325238,5.1
5.12,2.656610287957605e-34,0.2538224428976323,0.1225902,0.1255411,0.1196678,10.743514253209543,5.12
5.14,2.7629368657161513e-34,0.2537910860352824,0.122875,0.125816,0.1199613,11.198080810185571,5.14
5.16,2.7803542044078635e-34,0.2537609225936054,0.123157,0.1260861,0.1202536,11.2931920426998,5.16
5.18,2.7977830226358227e-34,0.2537322218659162,0.1234344,0.1263511,0.1205416,11.388292266985578,5.18
5.2,2.815222976428051e-34,0.2537049585863156,0.123707,0.1266109,0.1208253,11.483354440336493,5.2
5.22,2.8326737286392302e-34,0.2536773014247171,0.1239743,0.1268658,0.1211044,11.578240586540069,5.22
5.24,2.850134948830772e-34,0.2536475433549211,0.1242385,0.1271185,0.1213782,11.673068235745445,5.24
5.26,2.867606313151709e-34,0.2536142147948454,0.1244995,0.1273662,0.1216506,11.767750927935184,5.26
5.28,2.885087504221479e-34,0.2535793704447984,0.1247557,0.127609,0.1219186,11.862221996038981,5.28
5.3,2.9025782110141247e-34,0.2535481347228876,0.1250072,0.1278462,0.1221821,11.956721657075,5.3
5.32,2.9200781287447072e-34,0.2535237875240218,0.125253,0.1280791,0.1224409,12.05130459971211,5.32
5.34,2.937572402705666e-34,0.253501813871137,0.1254965,0.1283093,0.1226948,12.146020380456157,5.34
5.36,2.955089820510382e-34,0.2534730038026183,0.1257361,0.1285346,0.122947,12.24038629414551,5.36
5.38,2.972615575176819e-34,0.2534374913364293,0.1259709,0.1287548,0.1231947,12.334245353254039,5.38
5.4,2.990149385774697e-34,0.2534092376839496,0.1262009,0.1289694,0.1234379,12.428265473525407,5.4
5.42,3.007690977068405e-34,0.2533906955963902,0.126425,0.1291801,0.1236763,12.522457890500846,5.42
5.44,3.025240079413352e-34,0.2533643803075174,0.1266475,0.1293877,0.1239101,12.616380151187238,5.44
5.46,3.0427964286533667e-34,0.2533286314765665,0.1268656,0.1295905,0.1241419,12.70965592687003,5.46
5.48,3.060359766019497e-34,0.2533068002177553,0.1270788,0.1297878,0.1243691,12.803396019508554,5.48
5.5,3.07792983803163e-34,0.2532877909985345,0.1272871,0.1299796,0.1245918,12.89704173310955,5.5
5.52,3.0955063964000813e-34,0.2532529466069983,0.1274896,0.1301681,0.1248096,12.989538226755254,5.52
5.54,3.1130891979300318e-34,0.2532295005047472,0.1276907,0.130353,0.1250232,13.08271472806031,5.54
5.56,3.1306780044269424e-34,0.2532121689406279,0.1278869,0.1305329,0.1252342,13.175945093168936,5.56
5.58,3.148272582603279e-34,0.2531769775900303,0.1280784,0.1307075,0.1254408,13.267991138365822,5.58
5.6,3.165872703987654e-34,0.2531590054683081,0.1282649,0.1308761,0.1256427,13.360644153050421,5.6
5.62,3.183478144834371e-34,0.2531362956876041,0.128446,0.1310425,0.1258397,13.45270498762297,5.62
5.64,3.2010886860353123e-34,0.2531046559243001,0.1286252,0.1312048,0.1260328,13.544302495304347,5.64
5.66,3.218704113033336e-34,0.2530921043232156,0.1287997,0.1313618,0.126223,13.636635875828489,5.66
5.68,3.2363242157360877e-34,0.2530579798292689,0.1289693,0.1315136,0.1264088,13.727490226925298,5.68
5.7,3.253948788432484e-34,0.2530438297611636,0.1291337,0.1316591,0.1265898,13.819069508732143,5.7
5.72,3.271577629710102e-34,0.2530153004584811,0.1292932,0.1318035,0.1267656,13.909529505270136,5.72
5.74,3.289210542373806e-34,0.2529956492759519,0.1294507,0.1319428,0.1269382,14.00044598889296,5.74
5.76,3.3068473333664e-34,0.2529727166143668,0.1296032,0.1320771,0.1271075,14.090820924626097,5.76
5.78,3.324488187031089e-34,0.2529500821825671,0.1297509,0.132206,0.1272722,14.180865531033955,5.78
5.8,3.3421321926173157e-34,0.2529299313310014,0.1298933,0.1323289,0.1274322,14.270636408299493,5.8
5.82,3.3597795215961028e-34,0.2529067283292355,0.1300312,0.1324505,0.1275868,14.359901918599107,5.82
5.84,3.3774299966870032e-34,0.2528861201543289,0.1301667,0.1325672,0.1277388,14.449206085511056,5.84
5.86,3.3950834443690283e-34,0.2528663144810223,0.1302975,0.1326787,0.1278871,14.538187163442544,5.86
5.88,3.252511788325688e-34,0.2528417821357397,0.1304232,0.1327849,0.1280308,13.93976057929313,5.88
5.9,3.4303985817894613e-34,0.2528277361537738,0.1305436,0.1328854,0.1281696,14.714910539830463,5.9
5.92,3.448059942643097e-34,0.252798135991865,0.1306601,0.1329842,0.1283029,14.802136396128354,5.92
5.94,3.465723618181253e-34,0.2527891678670761,0.1307736,0.1330778,0.1284344,14.890360305983256,5.94
5.96,3.4833894526288482e-34,0.2527582571845038,0.1308825,0.1331665,0.1285616,14.976892327252616,5.96
5.98,3.501057293558616e-34,0.2527460323101712,0.1309862,0.1332495,0.1286842,15.064053473007291,5.98
6.0,3.518726991826489e-34,0.2527253912299276,0.1310845,0.1333275,0.1288019,15.150205816905345,6.0
6.02,3.5363984015088126e-34,0.2527002580097386,0.1311795,0.1334034,0.128914,15.23581122882109,6.02
6.04,3.5540713798400243e-34,0.2526916407070929,0.1312713,0.1334742,0.1290247,15.32214430698429,6.04
6.06,3.571745787151766e-34,0.2526634479060475,0.1313582,0.13354,0.129131,15.406815759522782,6.06
6.08,3.5894214978284844e-34,0.2526466245907109,0.1314402,0.1336001,0.1292326,15.49169407692802,6.08
6.1,3.6070983563065687e-34,0.2526352640459928,0.1315165,0.1336558,0.1293292,15.57632282590698,6.1
6.12,3.6247762427502153e-34,0.2526070012221403,0.1315902,0.1337089,0.1294206,15.659679668322484,6.12
6.14,3.642455029293194e-34,0.2525922168596419,0.13166,0.133757,0.1295103,15.743480652394375,6.14
6.16,3.6601345908782876e-34,0.2525808386038185,0.131725,0.1337998,0.1295955,15.8269927954038,6.16
6.18,3.6778148052028694e-34,0.2525539176128685,0.1317848,0.133837,0.1296759,15.908968766223138,6.18
6.2,3.695495552665437e-34,0.2525367087002945,0.1318388,0.1338704,0.1297514,15.990910124726954,6.2
6.22,3.7131767163130996e-34,0.2525281507762809,0.1318912,0.1339008,0.1298221,16.07326028685743,6.22
6.24,3.730858181790317e-34,0.2525062874060871,0.1319392,0.1339262,0.1298909,16.154276973019915,6.24
6.26,3.748539837287672e-34,0.252482657684726,0.1319822,0.1339464,0.1299551,16.234607301002104,6.26
6.28,3.7662215734930605e-34,0.252472328762331,0.1320203,0.1339608,0.1300146,16.31522655926526,6.28
6.3,3.7839032835426515e-34,0.2524605163103774,0.1320525,0.1339721,0.1300692,16.395054397997534,6.3
6.32,3.8015848629730414e-34,0.2524373365355942,0.1320835,0.1339798,0.1301194,16.474019984302192,6.32
6.34,3.8192662096743036e-34,0.2524160365631309,0.1321095,0.1339827,0.1301671,16.55250255295534,6.34
6.36,3.8369472238446695e-34,0.252405476859565,0.1321309,0.1339803,0.1302103,16.63112907140155,6.36
6.38,3.854627807944457e-34,0.2523954021511617,0.132147,0.1339717,0.1302487,16.709133870550765,6.38
6.4,3.872307866652458e-34,0.2523760216866834,0.1321578,0.1339613,0.1302821,16.785856650652818,6.4
6.42,3.8899873068222395e-34,0.2523536379126468,0.1321671,0.1339467,0.1303116,16.862185238341837,6.42
6.44,3.9076660374395594e-34,0.252337457748846,0.1321716,0.1339272,0.1303384,16.93830902716705,6.44
6.46,3.9253439695806186e-34,0.252328196959445,0.1321712,0.1339024,0.1303607,17.01426048429879,6.46
6.48,3.943021016370954e-34,0.2523174182403586,0.1321658,0.1338713,0.1303782,17.08945269069569,6.48
6.5,3.9606970929451985e-34,0.2523005334782786,0.1321553,0.1338393,0.1303906,17.16355018876915,6.5
6.52,3.9783721164079075e-34,0.2522800048265219,0.132143,0.1338025,0.1303997,17.237137110925783,6.52
6.54,3.9960460057943715e-34,0.252261259873873,0.1321259,0.1337608,0.1304057,17.310186202363294,6.54
6.56,4.013718682032578e-34,0.252247965664503,0.132104,0.1337138,0.1304072,17.382943204022226,6.56
6.58,4.031390067906743e-34,0.2522378703845649,0.1320769,0.1336608,0.1304039,17.455195628177915,6.58
6.6,4.049060088019605e-34,0.2522278962042432,0.1320454,0.1336069,0.1303952,17.526829292049747,6.6
6.62,4.066728668757624e-34,0.2522149102614808,0.1320118,0.1335481,0.1303841,17.597924429518958,6.62
6.64,4.084395738255085e-34,0.2521986160390722,0.1319734,0.1334843,0.1303695,17.668092317596336,6.64
6.66,4.1020612263599365e-34,0.252180767312201,0.1319302,0.1334153,0.1303502,17.73744500174582,6.66
6.68,4.119725064599889e-34,0.2521634164227014,0.1318817,0.1333408,0.1303263,17.806050113399547,6.68
6.7,4.137387186149042e-34,0.2521477300993816,0.1318295,0.1332651,0.1302967,17.874198383983522,6.7
6.72,4.1550475257957375e-34,0.2521343095613455,0.1317746,0.1331844,0.1302656,17.942063533536167,6.72
6.74,4.1727060199100076e-34,0.2521225035390613,0.1317152,0.133099,0.1302304,18.00934990000468,6.74
6.76,4.190362606412866e-34,0.252111734357691,0.1316509,0.1330081,0.1301906,18.07595448126718,6.76
6.78,4.208017224745281e-34,0.2521011287832254,0.1315812,0.1329124,0.1301461,18.14173767397661,6.78
6.8,4.2256698158378515e-34,0.2520903388829009,0.1315085,0.132815,0.1300959,18.206997245444516,6.8
6.82,4.243305995196056e-34,0.2520786989237819,0.1314327,0.1327127,0.1300449,18.271603828792678,6.82
6.84,4.260961043994723e-34,0.2520665733222439,0.1313523,0.1326056,0.1299894,18.335520536147328,6.84
6.86,4.278613925389234e-34,0.2520541228251098,0.131267,0.1324931,0.1299294,18.39861817990863,6.86
6.88,4.296264585422206e-34,0.2520410850663371,0.1311762,0.1323764,0.1298646,18.46078425870642,6.88
6.9,4.313912971491195e-34,0.2520281117744095,0.1310833,0.1322577,0.1297946,18.522537051677194,6.9
6.92,4.3315590323214795e-34,0.2520152365240238,0.1309868,0.1321343,0.1297234,18.583662493910026,6.92
6.94,4.349202717939931e-34,0.2520024790488404,0.1308857,0.132006,0.1296478,18.644013335130452,6.94
6.96,4.3668439796489755e-34,0.2519900024292702,0.1307798,0.1318723,0.1295676,18.703565121413664,6.96
6.98,4.384482770001397e-34,0.2519777843589665,0.1306679,0.1317352,0.1294827,18.762135714067696,6.98
7.0,4.402119042775503e-34,0.2519659116510677,0.1305552,0.1315955,0.1293931,18.820470974821752,7.0
7.02,4.419752752950372e-34,0.2519543018336743,0.1304383,0.1314512,0.1293019,18.87807137820253,7.02
7.04,4.4373231920450925e-34,0.2519430415207363,0.1303166,0.1313019,0.1292064,18.93459024477772,7.04
7.06,4.4549446802153365e-34,0.2519317779317661,0.1301901,0.131147,0.1291064,18.990481163825642,7.06
7.08,4.472563455049622e-34,0.2519205674502088,0.130058,0.1309898,0.1290015,19.045393450397633,7.08
7.1,4.490179476579578e-34,0.2519095110790943,0.1299254,0.1308295,0.1288925,19.10007484333576,7.1
7.12,4.507792705916078e-34,0.2518986310755581,0.1297882,0.1306645,0.1287817,19.153921102787134,7.12
7.14,4.525403105228087e-34,0.2518873844961413,0.1296466,0.1304946,0.1286664,19.206912601995622,7.14
7.16,4.529198172686839e-34,0.2518755455167857,0.1295001,0.130319,0.1285468,19.20039539573695,7.16
7.18,4.54677369628431e-34,0.251863270390703,0.1293484,0.1301421,0.1284222,19.251384989530848,7.18
7.2,4.564346542102824e-34,0.2518504221376341,0.1291959,0.1299613,0.1282942,19.302020209598624,7.2
7.22,4.581916674265018e-34,0.2518372487064516,0.1290389,0.129776,0.1281638,19.351763428714747,7.22
7.24,4.599484057866411e-34,0.2518241343613943,0.1288774,0.1295857,0.1280291,19.400636320838935,7.24
7.26,4.631004080064229e-34,0.2518115348855735,0.128711,0.1293895,0.1278901,19.507391017999986,7.26
7.28,4.6485936944349685e-34,0.251800190848521,0.1285402,0.1291932,0.1277458,19.554618881694324,7.28
7.3,4.666180211751174e-34,0.2517901695130838,0.128368,0.1289924,0.1275991,19.6015219682312,7.3
7.32,4.644908185604931e-34,0.2517821932034715,0.1281915,0.1287871,0.1274496,19.484717629431387,7.32
7.34,4.662396214356673e-34,0.2517754761796745,0.1280105,0.1285769,0.127296,19.529941318060455,7.34
7.36,4.679881541819783e-34,0.25176872768166,0.1278246,0.1283612,0.1271378,19.574191317631872,7.36
7.38,4.6973641376900326e-34,0.2517600997302386,0.1276349,0.1281453,0.1269745,19.617484275874133,7.38
7.4,4.7540653497209295e-34,0.251749153069305,0.1274434,0.1279248,0.1268094,19.823633310643796,7.4
7.42,4.771632700732086e-34,0.2517357755302687,0.1272476,0.1276999,0.1266412,19.865261528412677,7.42
7.44,4.7891967676868e-34,0.251721634198421,0.1270474,0.1274703,0.1264687,19.90589669885693,7.44
7.46,4.8067575270537295e-34,0.2517093424531551,0.1268422,0.1272357,0.1262918,19.945643719304613,7.46
7.48,4.82431495604883e-34,0.2517006301037948,0.126634,0.1270005,0.1261094,19.98494797098921,7.48
7.5,4.8418690326207894e-34,0.251695506278088,0.1264235,0.1267608,0.1259266,20.02391764055244,7.5
7.52,4.859419735435788e-34,0.2516905357870359,0.1262088,0.1265167,0.1257398,20.061974628332376,7.52
7.54,4.8769676304491156e-34,0.2516822168012953,0.1259897,0.1262677,0.1255488,20.098802674688383,7.54
7.56,4.894511524416053e-34,0.2516691284960761,0.1257655,0.1260147,0.1253535,20.134162218546408,7.56
7.58,4.912051984721716e-34,0.2516545621676433,0.1255393,0.1257607,0.125153,20.168806809395843,7.58
7.6,4.929588992759032e-34,0.2516431654787887,0.1253103,0.1255024,0.1249521,20.20297663473301,7.6
7.62,4.947122530567986e-34,0.2516374998630897,0.1250772,0.1252397,0.124747,20.23666396617032,7.62
7.64,4.9646525808223415e-34,0.2516342646272568,0.1248397,0.1249721,0.1245379,20.269549569232066,7.64
7.66,4.982179126816873e-34,0.2516272253885696,0.1245969,0.1247011,0.1243244,20.300977262392347,7.66
7.68,4.9997021524543785e-34,0.2516139226276639,0.1243531,0.1244288,0.1241063,20.33144090358015,7.68
7.7,5.017221642232957e-34,0.2515989950755438,0.124106,0.1241522,0.1238874,20.360934573895516,7.7
7.72,5.034737581234164e-34,0.2515905160549276,0.1238548,0.1238712,0.1236645,20.389974779868652,7.72
7.74,5.052249955110403e-34,0.2515882754068249,0.1235991,0.1235853,0.1234376,20.418473754510952,7.74
7.76,5.069758750073845e-34,0.2515836459769278,0.123338,0.1232971,0.1232062,20.445575658303504,7.76
7.78,5.087263952884145e-34,0.2515708258580924,0.1230773,0.1230068,0.1229708,20.471763155774887,7.78
7.8,5.10476555083745e-34,0.2515560690277334,0.1228125,0.1227124,0.1227344,20.49679291798451,7.8
7.82,5.122263531755114e-34,0.2515484553707101,0.1225438,0.1224137,0.1224941,20.52143175398066,7.82
7.84,5.139757883973049e-34,0.2515473290391626,0.1222707,0.1221099,0.1222498,20.54553767507044,7.84
7.86,5.157248596330608e-34,0.2515409779605137,0.1219926,0.1218049,0.1220011,20.568046230639638,7.86
7.88,5.174735658160339e-34,0.2515257406402418,0.1217146,0.1214973,0.121749,20.589510570044975,7.88
7.9,5.192219059277522e-34,0.2515138498675067,0.1214326,0.1211856,0.1214955,20.6102351452391,7.9
7.92,5.209698789970298e-34,0.2515122168567277,0.1211467,0.1208697,0.1212381,20.630798106168022,7.92
7.94,5.2271748409894255e-34,0.2515090151342214,0.1208565,0.1205483,0.1209768,20.65015602335263,7.94
7.96,5.2446472035390215e-34,0.2514953385359237,0.1205619,0.1202272,0.1207109,20.667552231753945,7.96
7.98,5.262115869266476e-34,0.2514818916298029,0.120267,0.1199026,0.1204425,20.684562714611847,7.98
8.0,5.279580830253744e-34,0.2514797833641738,0.1199684,0.1195741,0.1201723,20.70151495199504,8.0
8.02,5.297042079007319e-34,0.2514777225794067,0.1196658,0.1192413,0.1198984,20.71742289086622,8.02
8.04,5.3144996084503575e-34,0.2514636274349756,0.1193588,0.1189033,0.1196206,20.73121426818007,8.04
8.06,5.331953411912735e-34,0.2514509627807562,0.1190483,0.1185662,0.1193382,20.744147318502527,8.06
8.08,5.349403483123296e-34,0.2514509527945245,0.1187371,0.1182253,0.1190541,20.757632574088333,8.08
8.1,5.366849816200947e-34,0.2514465218000352,0.1184222,0.1178805,0.1187677,20.76973429942255,8.1
8.12,5.384292405646185e-34,0.2514303664693094,0.1181034,0.1175315,0.1184776,20.779806872809804,8.12
8.14,5.401731246333427e-34,0.2514228438312997,0.1177802,0.117178,0.1181837,20.789437348513808,8.14
8.16,5.41916633350282e-34,0.2514241920992129,0.1174543,0.116825,0.1178849,20.798940208451384,8.16
8.18,5.4365976627520245e-34,0.2514133923416081,0.1171272,0.1164684,0.1175856,20.806838892276218,8.18
8.2,5.4540252300291785e-34,0.2513990581758333,0.1167964,0.1161079,0.1172835,20.813397890486005,8.2
8.22,5.4714490316249875e-34,0.2513990452040555,0.1164619,0.1157433,0.1169778,20.820089588742047,8.22
8.24,5.488869064165107e-34,0.2513952376135334,0.1161228,0.1153749,0.1166682,20.825246816331823,8.24
8.26,5.506285324603544e-34,0.2513788505428541,0.115782,0.1150066,0.1163536,20.828655462646303,8.26
8.28,5.523697810214967e-34,0.2513747364621237,0.1154396,0.1146348,0.1160397,20.832389828363475,8.28
8.3,5.541106518587985e-34,0.2513752079058146,0.1150936,0.1142592,0.1157223,20.83544867708501,8.3
8.32,5.5585114476180885e-34,0.2513596152367935,0.1147438,0.1138794,0.1154014,20.83607810447622,8.32
8.34,5.575912595501479e-34,0.2513520972862684,0.1143894,0.1134968,0.1150766,20.836126898075246,8.34
8.36,5.593309960727877e-34,0.2513544472539601,0.1140345,0.1131139,0.1147475,20.83648531671242,8.36
8.38,5.61070354207425e-34,0.2513404593050827,0.1136773,0.1127274,0.1144186,20.834650393422027,8.38
8.4,5.628093338598857e-34,0.251331233153005,0.1133166,0.1123373,0.1140864,20.832146915815514,8.4
8.42,5.6454793496346025e-34,0.2513339590298417,0.1129522,0.1119429,0.1137506,20.82952808523617,8.42
8.44,5.662861574783037e-34,0.2513209129388326,0.112583,0.1115468,0.113411,20.82428660950635,8.44
8.46,5.680240013908749e-34,0.2513113478603596,0.1122146,0.1111498,0.1130677,20.819049269372893,8.46
8.48,5.697614667132936e-34,0.2513144950624496,0.1118432,0.1107493,0.1127245,20.813874796814055,8.48
8.5,5.714985534828128e-34,0.2513002453827901,0.1114684,0.1103453,0.1123779,20.806189827550956,8.5
8.52,5.732352617612469e-34,0.2512929131386635,0.11109,0.1099369,0.112028,20.797965155890246,8.52
8.54,5.7497159163439845e-34,0.2512954360907434,0.1107069,0.1095279,0.1116742,20.789230741162893,8.54
8.56,5.7670754321154366e-34,0.2512795361876822,0.1103251,0.1091175,0.1113174,20.77876945135576,8.56
8.58,5.784431166249022e-34,0.2512762903009227,0.10994,0.1087037,0.1109603,20.76828537571481,8.58
8.6,5.801783120290925e-34,0.2512757353317755,0.1095517,0.1082865,0.1106,20.756967481943875,8.6
8.62,5.8191312960063905e-34,0.2512592522026274,0.1091597,0.1078646,0.1102364,20.743177972070868,8.62
8.64,5.836475695374677e-34,0.2512608939377693,0.1087639,0.1074437,0.1098689,20.72970371178645,8.64
8.66,5.853816320584393e-34,0.251254402691979,0.108369,0.1070203,0.1094992,20.715269060829495,8.66
8.68,5.871153174028167e-34,0.2512411610177202,0.1079709,0.1065938,0.1091289,20.699204969436696,8.68
8.7,5.888486258298355e-34,0.2512458460275511,0.1075696,0.1061639,0.1087553,20.683539052572055,8.7
8.72,5.905815576182338e-34,0.2512317515004027,0.1071646,0.1057292,0.1083785,20.665146824212833,8.72
8.74,5.923141130658022e-34,0.2512270643965043,0.1067566,0.1052966,0.1079978,20.64647806635484,8.74
8.76,5.940462924889379e-34,0.2512274461074784,0.1063491,0.1048611,0.1076159,20.62784850250862,8.76
8.78,5.957780962221396e-34,0.2512110918457724,0.1059387,0.1044224,0.1072328,20.606807955101257,8.78
8.8,5.975095246177352e-34,0.2512151642852055,0.105525,0.1039803,0.1068466,20.586323154739077,8.8
8.82,5.9924057804533085e-34,0.2512042765579239,0.1051079,0.1035342,0.1064572,20.563467216465387,8.82
8.84,6.0097125689139425e-34,0.2511969424925801,0.1046884,0.1030901,0.1060638,20.53994864644896,8.84
8.86,6.027015615589786e-34,0.2511987436534029,0.104269,0.1026431,0.1056703,20.5167104375201,8.86
8.88,6.044314924671916e-34,0.2511825559600505,0.1038466,0.1021931,0.1052749,20.490925886767737,8.88
8.9,6.061610500508956e-34,0.2511869450114806,0.1034212,0.1017398,0.1048767,20.465737721099714,8.9
8.92,6.078902347602341e-34,0.2511753353660866,0.102992,0.1012833,0.1044753,20.437999793250018,8.92
8.94,6.0961904706039916e-34,0.2511702806076034,0.1025618,0.1008283,0.1040695,20.410100996399056,8.94
8.96,6.1134748743111395e-34,0.2511701165653519,0.1021309,0.1003704,0.1036652,20.381962526667238,8.96
8.98,6.130755563664322e-34,0.2511550885550914,0.1016973,0.0999097,0.1032583,20.351580700848185,8.98
9.0,6.148032543742139e-34,0.2511609826799902,0.1012606,0.0994457,0.1028486,20.321771727015538,9.0
9.02,6.1653058197590594e-34,0.2511451577322868,0.1008202,0.0989795,0.1024358,20.288957320548533,9.02
9.04,6.182575397061813e-34,0.2511471507365767,0.1003798,0.0985141,0.1020191,20.25707536201001,9.04
9.06,6.199841281125737e-34,0.2511390267796634,0.0999384,0.0980462,0.1016038,20.223667276418062,9.06
9.08,6.2171034775515905e-34,0.251131888385303,0.0994943,0.0975754,0.101186,20.18928319810202,9.08
9.1,6.2343619920628e-34,0.251132757976175,0.0990473,0.0971012,0.1007653,20.154441317426674,9.1
9.12,6.2516168305018595e-34,0.2511184255915454,0.0985961,0.0966259,0.1003415,20.117008951061383,9.12
9.14,6.268867998827588e-34,0.2511240193244916,0.0981466,0.096151,0.0999145,20.081001993233336,9.14
9.16,6.286115503111869e-34,0.2511080009397244,0.0976952,0.0956737,0.0994888,20.042360734774686,9.16
9.18,6.3033593495371116e-34,0.2511127050969703,0.0972412,0.0951935,0.0990604,20.004320484741925,9.18
9.2,6.3205995443928094e-34,0.2511000267369667,0.0967843,0.0947098,0.0986293,19.963776021970038,9.2
9.22,6.337836094072838e-34,0.2510998990974019,0.0963235,0.0942265,0.0981952,19.922899185732224,9.22
9.24,6.355069005073325e-34,0.2510933299419461,0.0958651,0.0937428,0.0977586,19.881480311699598,9.24
9.26,6.3722982839891025e-34,0.2510868934223328,0.0954043,0.0932568,0.097323,19.839048104017888,9.26
9.28,6.38952393751156e-34,0.2510861485007335,0.094941,0.0927681,0.0968849,19.796016138364788,9.28
9.3,6.4067459724257465e-34,0.251074627957961,0.0944749,0.0922755,0.0964443,19.751019339565183,9.3
9.32,6.4239643956078145e-34,0.2510783147376865,0.0940056,0.0917851,0.0960005,19.706014447365888,9.32
9.34,6.441179214023225e-34,0.2510637192975697,0.0935384,0.0912934,0.0955552,19.659479659992332,9.34
9.36,6.4583904347227125e-34,0.2510695569521836,0.0930689,0.0907995,0.0951103,19.61352594885514,9.36
9.38,6.475598064841565e-34,0.2510537430035842,0.0925971,0.0903029,0.0946631,19.564858522032498,9.38
9.4,6.492802111596477e-34,0.2510602602160158,0.0921224,0.0898024,0.0942134,19.516778173955018,9.4
9.42,6.510002582282977e-34,0.2510446883001329,0.0916454,0.0893054,0.0937605,19.46595027931893,9.42
9.44,6.5271994842736546e-34,0.2510505445277949,0.0911702,0.0888065,0.0933071,19.41662316566541,9.44
9.46,6.544392825015739e-34,0.2510357734179371,0.0906928,0.0883053,0.0928536,19.364688946958562,9.46
9.48,6.561582612028921e-34,0.2510406292753858,0.0902131,0.0878017,0.0923978,19.313232276507097,9.48
9.5,6.578768852903126e-34,0.2510271859767793,0.0897307,0.0872949,0.0919397,19.259241631484368,9.5
9.52,6.595951555296715e-34,0.251031156699566,0.0892468,0.0867912,0.0914782,19.20571494203353,9.52
9.54,6.613130726933891e-34,0.2510187280407132,0.0887642,0.0862856,0.0910174,19.15066312119454,9.54
9.56,6.630306375603341e-34,0.2510217259559127,0.0882797,0.085778,0.0905559,19.09582815886787,9.56
9.58,6.647478509155786e-34,0.2510100736373405,0.0877929,0.0852679,0.0900923,19.038828817728938,9.58
9.6,6.664647135502311e-34,0.2510128374971085,0.0873032,0.0847556,0.0896263,18.981738974776682,9.6
9.62,6.6818122626119235e-34,0.2510012066782573,0.0868133,0.084246,0.0891567,18.922960582489928,9.62
9.64,6.6989738985104965e-34,0.2510040105538978,0.0863241,0.0837346,0.0886895,18.864866946925364,9.64
9.66,6.716132051278553e-34,0.2509924161284496,0.085833,0.0832213,0.0882208,18.804719464464746,9.66
9.68,6.7332867290492835e-34,0.2509956904041677,0.0853398,0.0827056,0.0877501,18.74466724265947,9.68
9.7,6.7504379400071314e-34,0.2509834739977824,0.0848436,0.0821886,0.087277,18.682238154807308,9.7
9.72,6.7675856923860556e-34,0.2509876916843654,0.0843484,0.0816739,0.0868006,18.620690338923186,9.72
9.74,6.784729994467515e-34,0.2509744212281079,0.0838533,0.0811575,0.0863271,18.557306046519475,9.74
9.76,6.801870854579329e-34,0.2509799608159843,0.0833563,0.0806392,0.0858518,18.494329845705042,9.76
9.78,6.819008281093155e-34,0.2509654124556696,0.0828573,0.0801184,0.0853746,18.428865823994283,9.78
9.8,6.8361422824243495e-34,0.2509721217631648,0.0823551,0.0795977,0.0848951,18.363684189787822,9.8
9.82,6.853272867029235e-34,0.2509568955562985,0.0818556,0.0790787,0.0844131,18.29693285602328,9.82
9.84,6.8704000434036724e-34,0.2509643020157204,0.0813553,0.0785581,0.0839336,18.231087176819667,9.84
9.86,6.8875238200822655e-34,0.2509487431098278,0.0808532,0.0780358,0.0834524,18.162603104762738,9.86
9.88,6.904644205636213e-34,0.2509556846041204,0.0803493,0.0775108,0.0829693,18.094774725518175,9.88
9.9,6.9217612086723634e-34,0.2509416404909705,0.079842,0.0769873,0.0824841,18.024096075491858,9.9
9.92,6.93887483783131e-34,0.2509463495314463,0.0793387,0.0764647,0.0819971,17.95509706924271,9.92
9.94,6.95598510178656e-34,0.2509356291282422,0.0788339,0.0759407,0.0815122,17.88408499934691,9.94
9.96,6.973092009242849e-34,0.2509361321046507,0.0783275,0.075415,0.0810258,17.812939854515143,9.96
9.98,6.990195568934965e-34,0.2509301629428808,0.0778192,0.0748863,0.0805376,17.740330150549152,9.98
10.0,7.0072957896263815e-34,0.2509257565202959,0.0773085,0.074361,0.0800472,17.6667100013203,10.0
10.02,7.0243926801077656e-34,0.2509253825349139,0.0768014,0.0738357,0.079556,17.59362189590139,10.02
10.04,7.041486249196589e-34,0.2509152294235935,0.0762929,0.0733091,0.0790665,17.518955992183884,10.04
10.06,7.0585765057346495e-34,0.2509200943490515,0.075783,0.0727808,0.0785755,17.444442837665555,10.06
10.08,7.075663458587956e-34,0.2509058222610509,0.0752712,0.0722494,0.0780829,17.367587206400092,10.08
10.1,7.092747116645312e-34,0.2509133973225789,0.0747579,0.0717231,0.0775879,17.29132050776797,10.1
10.12,7.109827488816389e-34,0.2508986169739189,0.0742477,0.0711958,0.0770934,17.21365428554726,10.12
10.14,7.126904584032073e-34,0.2509043998180062,0.0737363,0.0706674,0.0765999,17.13654650766197,10.14
10.16,7.143978411242115e-34,0.2508940788052267,0.0732236,0.0701374,0.0761051,17.057460069342877,10.16
10.18,7.161048979414388e-34,0.2508932674505243,0.0727089,0.0696051,0.0756088,16.977978018293292,10.18
10.2,7.178116297534087e-34,0.2508911035111351,0.0721938,0.0690776,0.0751098,16.89773111034406,10.2
10.22,7.1951803746028246e-34,0.2508817794731082,0.0716814,0.0685492,0.0746128,16.817058190143634,10.22
10.24,7.2122412196367725e-34,0.2508870959801,0.0711678,0.0680197,0.0741162,16.736508019231394,10.24
10.26,7.2292988416671545e-34,0.250872689315094,0.070653,0.0674887,0.0736183,16.653783378808804,10.26
10.28,7.246353249737423e-34,0.250879903802601,0.0701361,0.0669565,0.073119,16.571420194946484,10.28
10.3,7.263404452903827e-34,0.2508675784944339,0.0696202,0.0664286,0.0726167,16.487422732818125,10.3
10.32,7.280452460234312e-34,0.2508694244108573,0.0691062,0.0658999,0.0721182,16.404230288248122,10.32
10.34,7.297497280806447e-34,0.250865188811317,0.0685913,0.0653703,0.0716191,16.319848307579957,10.34
10.36,7.314538923708052e-34,0.2508575831050267,0.0680752,0.0648391,0.0711189,16.23438555580331,10.36
10.38,7.331577398035232e-34,0.2508622988086371,0.0675568,0.0643079,0.0706172,16.14859089141322,10.38
10.4,7.3486127128921e-34,0.2508482168850974,0.0670409,0.0637804,0.0701129,16.061605507638294,10.4
10.42,7.365644877390012e-34,0.2508553244306947,0.0665262,0.0632522,0.069613,15.975687535979521,10.42
10.44,7.3826739006459255e-34,0.2508442351952957,0.0660107,0.0627232,0.0691121,15.887841168650533,10.44
10.46,7.399699791782747e-34,0.2508436086646645,0.065494,0.0621925,0.0686102,15.799792996734482,10.46
10.48,7.416722559927928e-34,0.250843411101176,0.0649747,0.0616633,0.068107,15.710563244256296,10.48
10.5,7.433742214212667e-34,0.2508319031981962,0.06446,0.0611371,0.0676019,15.621161133080669,10.5
10.52,7.450758763771389e-34,0.250839343225636,0.0639454,0.0606104,0.0671009,15.532387138626019,10.52
10.54,7.467772217741106e-34,0.2508260854880088,0.06343,0.0600829,0.066599,15.441561497005246,10.54
10.56,7.484782585259968e-34,0.2508286829486909,0.0629135,0.0595535,0.0660962,15.350869330186358,10.56
10.58,7.501789875467698e-34,0.2508255530766555,0.0623946,0.0590273,0.065592,15.258660837590423,10.58
10.6,7.518794097503918e-34,0.2508162866547317,0.0618813,0.0585032,0.0650871,15.166874576908517,10.6
10.62,7.535795260508487e-34,0.2508230861347783,0.0613675,0.0579786,0.0645856,15.075362710948912,10.62
10.64,7.552793373619546e-34,0.2508095453416626,0.0608531,0.0574534,0.0640835,14.98190754252306,10.64
10.66,7.569788445974022e-34,0.2508130210275333,0.0603376,0.0569257,0.0635805,14.888625093883036,10.66
10.68,7.586780486706485e-34,0.2508095198380507,0.0598206,0.0564038,0.0630761,14.79398046604301,10.68
10.7,7.603769504948656e-34,0.2508003856463605,0.0593089,0.0558825,0.0625721,14.69974339908194,10.7
10.72,7.620755509828883e-34,0.2508073112063529,0.0587968,0.055361,0.062071,14.605776557194302,10.72
10.74,7.637738510471306e-34,0.250794285571644,0.0582841,0.0548388,0.0615694,14.509928016742581,10.74
10.76,7.65471851599556e-34,0.2507966373554954,0.0577704,0.0543143,0.061067,14.414150424211359,10.76
10.78,7.6716955355161175e-34,0.2507951149437072,0.0572564,0.0537968,0.060563,14.317500631258902,10.78
10.8,7.688669578141346e-34,0.2507839816573129,0.0567469,0.0532793,0.0600608,14.22086040657186,10.8
10.82,7.705640652974112e-34,0.2507916954122037,0.0562373,0.0527617,0.0595608,14.12469589331687,10.82
10.84,7.722608769109917e-34,0.2507807287637563,0.0557271,0.0522433,0.0590604,14.02676038618593,10.84
10.86,7.739573935637092e-34,0.2507787159849897,0.0552159,0.0517237,0.0585593,13.928508840576708,10.86
10.88,7.7565361616366e-34,0.2507821975465807,0.0547056,0.0512108,0.0580563,13.83021883079753,10.88
10.9,7.773495456180346e-34,0.2507686915809115,0.0541992,0.0506979,0.0575569,13.73141459967493,10.9
10.92,7.790451828332367e-34,0.2507747031685363,0.0536928,0.0501849,0.0570589,13.633117093976624,10.92
10.94,7.807405287146876e-34,0.2507695344563579,0.0531859,0.0496712,0.0565605,13.53351946098395,10.94
10.96,7.824355841668962e-34,0.2507608770408093,0.0526778,0.0491576,0.0560615,13.432867890303985,10.96
10.98,7.841303500933167e-34,0.2507681301313573,0.0521722,0.0486499,0.0555601,13.333141764968298,10.98
11.0,7.858248273963688e-34,0.2507565719304258,0.0516698,0.0481424,0.0550646,13.232673328266738,11.0
11.02,7.875190169773933e-34,0.2507557402783033,0.0511672,0.0476349,0.0545691,13.13216486775986,11.02
11.04,7.892129197365825e-34,0.2507587738067572,0.0506645,0.0471267,0.0540735,13.031272476002618,11.04
11.06,7.909065365729416e-34,0.2507459188866227,0.05016,0.04662,0.0535772,12.928534743403057,11.06
11.08,7.925998683843013e-34,0.2507508411796144,0.0496601,0.0461183,0.0530792,12.827343513434796,11.08
11.1,7.943110621548075e-34,0.2507478336674251,0.0491624,0.0456171,0.0525872,12.726049774354102,11.1
11.12,7.960039390888806e-34,0.2507374527126119,0.0486647,0.0451158,0.0520952,12.62354166431543,11.12
11.14,7.976965336530142e-34,0.2507449137714031,0.0481668,0.0446136,0.051603,12.521327439802437,11.14
11.16,7.993888467389749e-34,0.2507364385121632,0.0476666,0.0441148,0.0511102,12.41716504620847,11.16
11.18,8.010808792371183e-34,0.2507307886887283,0.0471737,0.04362,0.0506167,12.314498052509911,11.18
11.2,8.027726320364003e-34,0.2507374810805017,0.0466814,0.0431257,0.0501287,12.212045958967146,11.2
11.22,8.04464106024328e-34,0.250725964293921,0.0461893,0.0426316,0.0496408,12.108214419935392,11.22
11.24,8.061553020869181e-34,0.250724743259811,0.045697,0.0421359,0.0491528,12.00428618555052,11.24
11.26,8.078462211086698e-34,0.2507290712778057,0.0452031,0.041646,0.0486641,11.899654450369587,11.26
11.28,8.095368639725233e-34,0.2507163551148927,0.0447166,0.041159,0.0481759,11.795621035677874,11.28
11.3,8.112272315598883e-34,0.2507185385647489,0.0442306,0.0406725,0.0476927,11.691885136879549,11.3
11.32,8.129173247505456e-34,0.2507203687506001,0.0437448,0.0401861,0.0472097,11.587644779468702,11.32
11.34,8.146071444226204e-34,0.2507078790491637,0.0432588,0.0396976,0.0467267,11.48215503271324,11.34
11.36,8.162966914526275e-34,0.2507122997448744,0.0427724,0.0392179,0.0462429,11.37679774847241,11.36
11.38,8.179859667153589e-34,0.2507114589344053,0.0422928,0.0387395,0.045761,11.272473337246087,11.38
11.4,8.196749710839073e-34,0.2506999344246004,0.0418137,0.0382616,0.0452833,11.167275600564249,11.4
11.42,8.21363705429612e-34,0.2507055775406183,0.041335,0.0377839,0.0448059,11.062421124259314,11.42
11.44,8.230521706220892e-34,0.2507028037931648,0.0408559,0.0373047,0.0443286,10.956556395237865,11.44
11.46,8.24740367529115e-34,0.2506921916436553,0.0403778,0.0368347,0.0438503,10.850092797545772,11.46
11.48,8.264282970167044e-34,0.2506987439597669,0.0399058,0.0363655,0.0433756,10.745486917323596,11.48
11.5,8.281159599490077e-34,0.2506945735988439,0.0394346,0.035897,0.0429041,10.64011370883046,11.5
11.52,8.298033571883359e-34,0.2506847926837108,0.0389637,0.0354286,0.0424331,10.534067780953816,11.52
11.54,8.314904895951409e-34,0.2506914454592219,0.0384923,0.0349602,0.0419621,10.428057172651284,11.54
11.56,8.331773580279166e-34,0.2506869244444647,0.0380235,0.0345001,0.0414898,10.32176513923609,11.56
11.58,8.348639633433374e-34,0.250677229384236,0.03756,0.034041,0.0410232,10.216189165545636,11.58
11.6,8.365503063960445e-34,0.2506840675858827,0.0370972,0.0335827,0.0405587,10.11096641788037,11.6
11.62,8.38236388038763e-34,0.2506799035059183,0.0366349,0.0331243,0.0400947,10.00492367746161,11.62
11.64,8.399222091222725e-34,0.2506698189646542,0.0361718,0.0326675,0.0396308,9.897920795618255,11.64
11.66,8.41607770495303e-34,0.2506763836211012,0.0357133,0.0322181,0.039165,9.792326383272513,11.66
11.68,8.432930730046244e-34,0.2506733080555213,0.035259,0.0317699,0.0387074,9.687001279601983,11.68
11.7,8.44978117494957e-34,0.2506626643267148,0.0348055,0.0313224,0.0382506,9.581107911725706,11.7
11.72,8.466629048089684e-34,0.2506683875384721,0.0343524,0.0308745,0.0377944,9.47545175396367,11.72
11.74,8.483474357872877e-34,0.2506670376808,0.033898,0.0304302,0.0373383,9.368666866830083,11.74
11.76,8.500317112684719e-34,0.2506558719467944,0.0334509,0.0299924,0.0368814,9.263040412138846,11.76
11.78,8.517157320889612e-34,0.2506601661466001,0.0330065,0.0295557,0.0364322,9.158243948734432,11.78
11.8,8.533994990831152e-34,0.2506609962826741,0.032563,0.0291198,0.0359838,9.05307868976858,11.8
11.82,8.550830130831797e-34,0.2506495018518541,0.0321199,0.0286832,0.0355361,8.947095031136287,11.82
11.84,8.567662749192436e-34,0.2506517597088756,0.0316751,0.0282525,0.0350884,8.840643063229834,11.84
11.86,8.584492854192675e-34,0.2506549831775871,0.0312401,0.027827,0.0346412,8.73647307706209,11.86
11.88,8.601320454090715e-34,0.2506437041967359,0.0308063,0.0274026,0.034201,8.631657706357133,11.88
11.9,8.61814555712271e-34,0.2506431497825616,0.0303734,0.0269791,0.0337618,8.526991204988175,11.9
11.92,8.634968171503361e-34,0.2506486428085622,0.0299409,0.0265539,0.0333232,8.422163927520842,11.92
11.94,8.651788911642153e-34,0.2506387467068016,0.0295079,0.0261381,0.0328846,8.316204667644813,11.94
11.96,8.668606582284326e-34,0.2506345257673116,0.0290842,0.0257255,0.0324479,8.212588319169644,11.96
11.98,8.685421788805696e-34,0.2506414811316953,0.0286617,0.0253142,0.0320175,8.109210034123993,11.98
12.0,8.70223453933221e-34,0.2506347117578388,0.0282403,0.0249035,0.0315881,8.005234338439413,12.0
12.02,8.719044841967758e-34,0.2506264640536569,0.0278191,0.0244908,0.0311595,7.900810670528581,12.02
12.04,8.735852704793634e-34,0.250633008113546,0.0273988,0.0240904,0.0307305,7.796646657611994,12.04
12.06,8.752658135868636e-34,0.2506310224449675,0.0269871,0.0236916,0.0303052,7.694204962238285,12.06
12.08,8.769461143228988e-34,0.2506199405354399,0.0265767,0.023294,0.0298851,7.591407870071155,12.08
12.1,8.786261734888173e-34,0.2506235029857133,0.0261673,0.0228969,0.0294662,7.488892330566502,12.1
12.12,8.802821628674228e-34,0.2506265089626092,0.025758,0.0224993,0.029048,7.385736110874849,12.12
12.14,8.81961631215195e-34,0.250615691554555,0.0253513,0.0221132,0.028629,7.282674963393337,12.14
12.16,8.836408604439655e-34,0.2506136555668795,0.0249523,0.0217287,0.0282161,7.18164354532467,12.16
12.18,8.853198513463214e-34,0.2506202360831907,0.0245546,0.0213454,0.0278072,7.080793709531092,12.18
12.2,8.86998604712546e-34,0.250613011960098,0.024158,0.0209624,0.0273994,6.9794350582302505,12.2
12.22,8.886771213305997e-34,0.2506053092176448,0.0237609,0.0205808,0.0269924,6.87748884431064,12.22
12.24,8.903554019861226e-34,0.2506115214327099,0.0233688,0.0202096,0.0265837,6.776939112826838,12.24
12.26,8.920334474624299e-34,0.2506104974602464,0.0229831,0.01984,0.0261843,6.677620674535345,12.26
12.28,8.937112585404891e-34,0.2505995643268041,0.0225988,0.0194716,0.0257872,6.5780271288540595,12.28
12.3,8.953888359989452e-34,0.2506012114762236,0.0222155,0.0191031,0.0253913,6.478637411519621,12.3
12.32,8.970661806141054e-34,0.2506059510515351,0.0218312,0.0187383,0.024996,6.378612405797737,12.32
12.34,8.987432931598995e-34,0.2505970086328802,0.0214547,0.0183828,0.0245994,6.28010250157367,12.34
12.36,9.004201744079289e-34,0.2505916814425554,0.021083,0.0180289,0.0242132,6.18268352898853,12.36
12.38,9.020968251274403e-34,0.2505983438306278,0.0207127,0.017676,0.0238285,6.0855636164932365,12.38
12.4,9.037732460853101e-34,0.2505956127836405,0.0203432,0.0173225,0.023445,5.988043605137098,12.4
12.42,9.054494380460442e-34,0.2505852326729184,0.0199715,0.0169755,0.023062,5.889292205903894,12.42
12.44,9.071254017718302e-34,0.2505876825630088,0.019612,0.0166362,0.0226791,5.7940424638632155,12.44
12.46,9.088011380224152e-34,0.250592220269957,0.0192548,0.0162984,0.0223059,5.6991252180879455,12.46
12.48,9.104766475552298e-34,0.2505832007807465,0.018899,0.0159616,0.0219343,5.6039251969603985,12.48
12.5,9.121519311253072e-34,0.2505776908924828,0.0185439,0.015623,0.0215638,5.508627455869555,12.5
12.52,9.13826989485314e-34,0.250584288145543,0.0181873,0.015295,0.0211936,5.412760223867714,12.52
12.54,9.155018233855312e-34,0.2505827826786477,0.0178437,0.0149724,0.0208253,5.320201671152017,12.54
12.56,9.171764335738641e-34,0.2505721629401161,0.0175017,0.0146513,0.0204657,5.227555896199722,12.56
12.58,9.188508207958284e-34,0.2505727362916665,0.0171611,0.0143309,0.0201076,5.135192000851503,12.58
12.6,9.205249857945849e-34,0.250578670878499,0.0168209,0.014007,0.0197507,5.042682819844993,12.6
12.62,9.221989293108713e-34,0.2505718927178799,0.016481,0.0136995,0.0193938,4.94963606535965,12.62
12.64,9.238726520830682e-34,0.2505637452601455,0.016153,0.0133941,0.0190407,4.859776287120239,12.64
12.66,9.255461548471656e-34,0.2505686589951525,0.0158267,0.0130901,0.0186953,4.770324697959184,12.66
12.68,9.272194383367688e-34,0.2505710503211159,0.0155017,0.0127865,0.0183514,4.680858253007592,12.68
12.7,9.288925032830998e-34,0.2505612821666944,0.0151767,0.0124809,0.0180086,4.590812030308336,12.7
12.72,9.305653504149792e-34,0.2505575467519927,0.0148542,0.0121915,0.017665,4.501283574367395,12.72
12.74,9.322379804588633e-34,0.2505640341364457,0.0145425,0.0119038,0.0173282,4.414864092165328,12.74
12.76,9.339103941387982e-34,0.2505620705214612,0.0142324,0.0116173,0.0169976,4.328440183499662,12.76
12.78,9.355825921764717e-34,0.2505520191984138,0.0139234,0.0113308,0.0166684,4.241877090791083,12.78
12.8,9.372545752911769e-34,0.2505520891892134,0.0136139,0.0110447,0.0163402,4.15499872360411,12.8
12.82,9.389263441998105e-34,0.2505580383419956,0.0133096,0.0107733,0.0160104,4.069467733870782,12.82
12.84,9.405978996169056e-34,0.2505528596031715,0.0130146,0.0105036,0.015691,3.9862720459547667,12.84
12.86,9.422692422545968e-34,0.2505439652870327,0.0127211,0.0102349,0.0153756,3.903160132637171,12.86
12.88,9.4394037282265e-34,0.2505470963259692,0.0124286,0.0099655,0.0150616,3.820224516510775,12.88
12.9,9.45611292028454e-34,0.250551514298492,0.0121345,0.0096995,0.0147484,3.7364941666678235,12.9
12.92,9.472820005770148e-34,0.2505438957753089,0.0118495,0.0094468,0.0144326,3.6550715057926295,12.92
12.94,9.489524991709574e-34,0.2505369393824093,0.0115716,0.0091955,0.0141312,3.5755462113609298,12.94
12.96,9.506227885105322e-34,0.2505417166399132,0.0112952,0.008945,0.0138315,3.4963502825682062,12.96
12.98,9.522928692936533e-34,0.2505446009339631,0.0110195,0.0086928,0.0135332,3.4170411669504226,12.98
13.0,9.53962742215779e-34,0.2505357692847288,0.0107406,0.008448,0.0132354,3.3362795742869915,13.0
13.02,9.55632407970107e-34,0.2505302209472,0.0104762,0.0082142,0.0129366,3.259774158944802,13.02
13.04,9.57301867247406e-34,0.250535751776575,0.0102158,0.0079816,0.0126514,3.1843715702992226,13.04
13.06,9.589711207360849e-34,0.2505374945734487,0.0099567,0.0077494,0.0123678,3.109040801436123,13.06
13.08,9.606401691222166e-34,0.2505283993022236,0.0096978,0.007514,0.0120855,3.0333580093697052,13.08
13.1,9.623090130894945e-34,0.2505235432258451,0.0094354,0.0072914,0.0118033,2.9563520930461755,13.1
13.12,9.639776533192742e-34,0.2505294731053603,0.0091913,0.0070767,0.0115223,2.8849312883468476,13.12
13.14,9.656460904905453e-34,0.2505305959900871,0.0089487,0.006863,0.0112537,2.813658907653338,13.14
13.16,9.673143252799389e-34,0.2505214076962572,0.0087073,0.0066492,0.0109867,2.7423868110925373,13.16
13.18,9.689854981380343e-34,0.2505171489872214,0.0084657,0.0064296,0.0107208,2.670855260201113,13.18
13.2,9.70653337833455e-34,0.2505230233480077,0.0082228,0.006231,0.0104543,2.598748577895894,13.2
13.22,9.723209771463317e-34,0.2505241456823703,0.007997,0.0060354,0.0101918,2.5317398775582864,13.22
13.24,9.739884167439772e-34,0.2505151859344985,0.0077726,0.0058406,0.0099401,2.4648296448865357,13.24
13.26,9.756556572913556e-34,0.2505104959825876,0.007549,0.0056451,0.0096899,2.397975050933584,13.26
13.28,9.773226994511408e-34,0.2505161186122819,0.0073246,0.0054444,0.0094406,2.330721131945001,13.28
13.3,9.789895438836262e-34,0.2505177984846285,0.0071017,0.0052671,0.0091897,2.2636626394731825,13.3
13.32,9.806561912468304e-34,0.2505092332930763,0.0068944,0.0050907,0.0089465,2.201251829993476,13.32
13.34,9.823226421964525e-34,0.2505040039701872,0.0066883,0.0049148,0.0087122,2.1390321505642,13.34
13.36,9.839888973858506e-34,0.250509001142094,0.0064827,0.0047374,0.0084792,2.076835978050577,13.36
13.38,9.856549574661124e-34,0.2505117058632606,0.0062753,0.0045583,0.0082468,2.0138177692474306,13.38
13.4,9.873208230859997e-34,0.2505039667193864,0.0060733,0.0044003,0.0080114,1.9522272887289749,13.4
13.42,9.889864948919862e-34,0.2504974870583999,0.0058846,0.0042432,0.0077887,1.894712948064551,13.42
13.44,9.906519735282309e-34,0.2505016887296684,0.0056968,0.004086,0.007572,1.837365175637864,13.44
13.46,9.923172596366417e-34,0.2505055900591679,0.0055091,0.0039265,0.0073564,1.7798416419529528,13.46
13.48,9.939823538568112e-34,0.2504992271377445,0.0053181,0.0037693,0.0071409,1.7209739839278573,13.48
13.5,9.956472568260448e-34,0.2504915554450072,0.0051379,0.0036304,0.0069201,1.6653939371996498,13.5
13.52,9.973119691793885e-34,0.2504937441440724,0.0049678,0.0034921,0.0067194,1.6129643162828018,13.52
13.54,9.989764915496369e-34,0.250499239691746,0.0047985,0.0033534,0.0065204,1.5606298898577875,13.54
13.56,1.0006408245672766e-33,0.2504951115680182,0.0046287,0.0032109,0.0063223,1.5078885628989462,13.56
13.58,1.0023049688605517e-33,0.2504862752817117,0.0044533,0.0030761,0.0061238,1.4531100681835225,13.58
13.6,1.0039689250554616e-33,0.2504858492852369,0.0042962,0.0029558,0.0059219,1.4041732609626272,13.6
13.62,1.005632693775739e-33,0.2504918462213088,0.0041447,0.0028357,0.0057396,1.3569342979435342,13.62
13.64,1.0072962756428849e-33,0.2504909702264903,0.0039936,0.0027148,0.0055584,1.309623947069729,13.64
13.66,1.008959671276129e-33,0.2504821350517247,0.0038415,0.0025885,0.0053778,1.261781462072542,13.66
13.68,1.0106228812925057e-33,0.2504782289476842,0.003682,0.0024765,0.005196,1.2113667136025101,13.68
13.7,1.0122859063067906e-33,0.2504836299993267,0.0035479,0.0023738,0.0050138,1.1691941944007305,13.7
13.72,1.0139487469315465e-33,0.2504861984834308,0.0034146,0.0022712,0.0048495,1.127125775557272,13.72
13.74,1.0156114037771115e-33,0.2504792810087262,0.0032814,0.0021673,0.0046862,1.0849039524977968,13.74
13.76,1.017273877451617e-33,0.2504722433140467,0.0031466,0.0020555,0.0045231,1.0420097369049746,13.76
13.78,1.0189361685609672e-33,0.2504746484240369,0.0030077,0.0019662,0.0043578,0.9976495497219133,13.78
13.8,1.0205982777088958e-33,0.2504799662183446,0.0028916,0.0018802,0.004196,0.9607243189437648,13.8
13.82,1.0222602054968852e-33,0.250476586081536,0.002776,0.0017938,0.0040497,0.9238060306835859,13.82
13.84,1.0239219525242937e-33,0.2504680745945755,0.0026602,0.0017058,0.0039041,0.8866786708281285,13.84
13.86,1.0255835193882444e-33,0.2504662717365857,0.0025419,0.0016111,0.0037584,0.848616529267541,13.86
13.88,1.0272449066836946e-33,0.2504717651979446,0.0024237,0.00154,0.0036092,0.810483871542005,13.88
13.9,1.0289061150034242e-33,0.2504732114450595,0.0023247,0.001469,0.0034684,0.7786399617596476,13.9
13.92,1.0305671449380584e-33,0.2504656542130388,0.002226,0.0013976,0.0033398,0.7467622820965165,13.92
13.94,1.0322279970760308e-33,0.2504595475072115,0.0021268,0.0013242,0.0032116,0.7146158071707803,13.94
13.96,1.033888672003644e-33,0.2504624479645574,0.0020242,0.001248,0.0030827,0.6812437946562998,13.96
13.98,1.035549170305032e-33,0.2504673898145642,0.0019262,0.0011904,0.0029487,0.6493158951140174,13.98
14.0,1.0372094925622056e-33,0.2504642235524843,0.0018433,0.0011329,0.0028295,0.622358960317822,14.0
14.02,1.0388696393550049e-33,0.2504557921000266,0.0017604,0.0010747,0.0027181,0.5953004830211821,14.02
14.04,1.0405296112611716e-33,0.2504535525233402,0.0016766,0.0010142,0.0026068,0.5678633535681974,14.04
14.06,1.0421894088562721e-33,0.2504588722045362,0.0015886,0.0009547,0.0024943,0.5389275374754614,14.06
14.08,1.0438490327138086e-33,0.2504611952157815,0.0015101,0.0009089,0.002374,0.513117220869229,14.08
14.1,1.0455084834051337e-33,0.2504546506308804,0.0014418,0.000863,0.0022771,0.4906755564584021,14.1
14.12,1.0471677614994824e-33,0.2504476402158721,0.0013733,0.0008164,0.002182,0.4680921612629244,14.12
14.14,1.048826867564018e-33,0.250448857133305,0.0013038,0.0007671,0.0020868,0.4451092052336428,14.14
14.16,1.0504858021637799e-33,0.2504544697128502,0.0012286,0.0007221,0.00199,0.4201092323452297,14.16
14.18,1.0521445658617376e-33,0.2504537907043943,0.0011685,0.0006862,0.0018875,0.40018838855048955,14.18
14.2,1.0538031592187633e-33,0.2504457358611997,0.0011131,0.0006501,0.0018074,0.3818036374839109,14.2
14.22,1.0554615827936469e-33,0.2504408328946906,0.0010575,0.0006133,0.0017276,0.3632960590323341,14.22
14.24,1.057119837143132e-33,0.2504442817476189,0.0010006,0.0005735,0.0016475,0.34429330861461693,14.24
14.26,1.0587779228218609e-33,0.2504490245553372,0.0009372,0.0005408,0.0015653,0.32299012343643446,14.26
14.28,1.0604358403824317e-33,0.2504459922782964,0.000893,0.0005129,0.0014811,0.30823551989221787,14.28
14.3,1.0620935903753982e-33,0.2504378787618748,0.0008488,0.0004849,0.0014152,0.2934275695493758,14.3
14.32,1.0637511733492768e-33,0.250434714430529,0.0008044,0.0004562,0.0013494,0.27850909636630927,14.32
14.34,1.065408589850504e-33,0.2504394529478302,0.0007585,0.0004239,0.001283,0.263031200126702,14.34
14.36,1.067065840423528e-33,0.2504431158873426,0.0007094,0.0004012,0.0012141,0.24639065992604417,14.36
14.38,1.0687229256107282e-33,0.2504385263405565,0.0006748,0.0003799,0.0011471,0.23473296265657928,14.38
14.4,1.0703798459524929e-33,0.2504306036711792,0.0006401,0.0003584,0.0010937,0.22300052823190347,14.4
14.42,1.0720366019872032e-33,0.2504291824263886,0.0006051,0.0003362,0.0010403,0.21113218541498854,14.42
14.44,1.0736931942511897e-33,0.2504341097522686,0.0005686,0.0003114,0.0009862,0.19870705059365323,14.44
14.46,1.0753496232788162e-33,0.2504367823150808,0.0005317,0.0002952,0.0009291,0.18610035594743984,14.46
14.48,1.0770058896024605e-33,0.2504315109434225,0.0005049,0.000279,0.0008774,0.17698854691050175,14.48
14.5,1.0786619937524504e-33,0.2504240876095234,0.000478,0.0002626,0.0008349,0.16781165268072276,14.5
14.52,1.0803179362572297e-33,0.2504234381479793,0.0004507,0.0002455,0.0007923,0.1584699275993356,14.52
14.54,1.0819737176431666e-33,0.2504284795097094,0.0004218,0.0002275,0.0007489,0.14853874301451078,14.54
14.56,1.0836293384347267e-33,0.2504307644927971,0.0003948,0.0002152,0.0007018,0.13924458622249164,14.56
14.58,1.0852847991543913e-33,0.250425268951644,0.0003743,0.000203,0.0006636,0.13221308444113034,14.58
14.6,1.08694010032267e-33,0.250418136768373,0.0003536,0.0001905,0.0006302,0.12508821309219276,14.6
14.62,1.0885952424581572e-33,0.2504174911880933,0.0003326,0.0001773,0.0005967,0.11783819406066352,14.62
14.64,1.0902502260774813e-33,0.2504224932853413,0.0003099,0.0001645,0.0005624,0.10996483776161842,14.64
14.66,1.0919050516953394e-33,0.2504247985197693,0.0002907,0.0001553,0.0005236,0.10330943372522851,14.66
14.68,1.0935597198244728e-33,0.2504195421261684,0.0002751,0.0001461,0.0004969,0.09791157880800548,14.68
14.7,1.095214230975771e-33,0.2504123170668427,0.0002594,0.0001368,0.0004711,0.09246076402207852,14.7
14.72,1.0968685856581196e-33,0.2504113396247261,0.0002433,0.0001267,0.000445,0.08685272319331909,14.72
14.74,1.0985227843785329e-33,0.2504162599921086,0.0002253,0.0001178,0.0004181,0.08054999665408631,14.74
14.76,1.1001768276421469e-33,0.2504189287468521,0.0002121,0.0001109,0.0003885,0.0759456767222531,14.76
14.78,1.101830715952173e-33,0.2504144618593547,0.0002003,0.0001041,0.0003687,0.07182704039851583,14.78
14.8,1.1034844498099165e-33,0.2504070816338392,0.0001884,9.71e-05,0.0003489,0.06765913851051049,14.8
14.82,1.1051380297148433e-33,0.2504049765998653,0.0001761,8.93e-05,0.0003288,0.06333613779869196,14.82
14.84,1.106791456164486e-33,0.2504094648965754,0.000162,8.32e-05,0.0003079,0.05835314848127385,14.84
14.86,1.1084447296545573e-33,0.250413156127804,0.0001532,7.82e-05,0.0002862,0.055266592796698655,14.86
14.88,1.1100978506788647e-33,0.2504099256216774,0.0001444,7.31e-05,0.0002712,0.05216902680945592,14.88
14.9,1.1117508197293885e-33,0.2504024333333245,0.0001355,6.79e-05,0.0002561,0.049025049339634696,14.9
14.92,1.113403637296254e-33,0.2503988226942226,0.0001262,6.19e-05,0.0002408,0.045727453231221404,14.92
14.94,1.11505630386771e-33,0.2504021513129434,0.0001161,5.8e-05,0.0002247,0.042130810473659214,14.94
14.96,1.1167088199302164e-33,0.250406904193279,0.0001096,5.43e-05,0.0002091,0.03983176402796001,14.96
14.98,1.1183611859683613e-33,0.2504056636232159,0.000103,5.06e-05,0.0001977,0.037488339048431005,14.98
15.0,1.1200134024649146e-33,0.250398757202434,9.63e-05,4.67e-05,0.0001863,0.0351005900182088,15.0
15.02,1.1216654699008489e-33,0.2503932294010356,8.93e-05,4.23e-05,0.0001747,0.03259643702082597,15.02
15.04,1.1233173887553148e-33,0.2503946549740737,8.22e-05,3.97e-05,0.0001621,0.030049143263077286,15.04
15.06,1.1249691595056285e-33,0.250399783778556,7.73e-05,3.71e-05,0.0001512,0.0283000238186759,15.06
15.08,1.1266207826273618e-33,0.2504011556194813,7.25e-05,3.44e-05,0.0001427,0.02658182746118234,15.08
15.1,1.128272258594235e-33,0.2503957733097297,6.75e-05,3.15e-05,0.0001341,0.02478434338380059,15.1
15.12,1.1299235878782273e-33,0.2503888546836744,6.22e-05,2.85e-05,0.0001254,0.02287110744854642,15.12
15.14,1.1315747709495308e-33,0.2503875462933192,5.74e-05,2.67e-05,0.0001157,0.02113686695164293,15.14
15.16,1.1332258082765353e-33,0.250391843650955,5.38e-05,2.48e-05,0.0001082,0.0198404560793453,15.16
15.18,1.134876700325908e-33,0.2503954075453736,5.02e-05,2.29e-05,0.0001019,0.018540075450123903,15.18
15.2,1.1365274475625153e-33,0.2503928233222611,4.66e-05,2.08e-05,9.55e-05,0.01723536413761326,15.2
15.22,1.1381780504494914e-33,0.250385948598667,4.26e-05,1.88e-05,8.89e-05,0.015778383196568803,15.22
15.24,1.139828509448216e-33,0.2503815989851993,3.93e-05,1.75e-05,8.12e-05,0.014576968500387377,15.24
15.26,1.1414788250183474e-33,0.2503835163995087,3.68e-05,1.62e-05,7.64e-05,0.013669547975796642,15.26
15.28,1.1431289976177695e-33,0.2503884620773351,3.42e-05,1.49e-05,7.18e-05,0.01272238111533807,15.28
15.3,1.1447790277026929e-33,0.2503893481827449,3.15e-05,1.34e-05,6.71e-05,0.011734938257568647,15.3
15.32,1.1464290055302328e-33,0.2503840281702943,2.85e-05,1.21e-05,6.21e-05,0.010632402002294181,15.32
15.34,1.1480787520056988e-33,0.2503775294812313,2.64e-05,1.13e-05,5.67e-05,0.009862878816177357,15.34
15.36,1.1497283573243225e-33,0.2503759965498753,2.46e-05,1.04e-05,5.33e-05,0.009203558604218776,15.36
15.38,1.1513778219354254e-33,0.2503799363051133,2.28e-05,9.4e-06,4.99e-05,0.008542499702011428,15.38
15.4,1.1530271462866529e-33,0.2503839420612657,2.09e-05,8.4e-06,4.64e-05,0.007841967390323284,15.4
15.42,1.1546763308239529e-33,0.2503820858480933,1.87e-05,7.6e-06,4.27e-05,0.007026480803292233,15.42
15.44,1.1563253759915934e-33,0.2503754546754378,1.74e-05,7e-06,3.89e-05,0.006547172698819088,15.44
15.46,1.1579742822321624e-33,0.2503702916249318,1.62e-05,6.4e-06,3.64e-05,0.006104209983483758,15.46
15.48,1.1596230499865826e-33,0.2503711397017494,1.49e-05,5.8e-06,3.4e-05,0.005622378964491791,15.48
15.5,1.1612716796941159e-33,0.2503760382175591,1.35e-05,5e-06,3.15e-05,0.005101443810652496,15.5
15.52,1.1629201717923413e-33,0.2503783624117872,1.21e-05,4.6e-06,2.88e-05,0.0045789384910691336,15.52
15.54,1.1645685267172317e-33,0.2503748942911417,1.12e-05,4.2e-06,2.62e-05,0.004244305060737052,15.54
15.56,1.1662167449030681e-33,0.2503679397230444,1.03e-05,3.8e-06,2.45e-05,0.003908660537242288,15.56
15.58,1.1678648267825367e-33,0.2503641368104035,9.5e-06,3.4e-06,2.27e-05,0.0036101150609067515,15.58
15.6,1.1695127727866444e-33,0.2503663550791262,8.5e-06,2.9e-06,2.09e-05,0.0032346895295586086,15.6
15.62,1.1711605833448117e-33,0.250371177218427,7.6e-06,2.7e-06,1.9e-05,0.002896323792687739,15.62
15.64,1.1728082588848365e-33,0.2503726251298354,7e-06,2.4e-06,1.73e-05,0.0026714351713680354,15.64
15.66,1.1744557998328509e-33,0.2503680070389483,6.4e-06,2.2e-06,1.61e-05,0.002445841018723005,15.66
15.68,1.176103206613451e-33,0.2503614114069763,5.8e-06,1.9e-06,1.49e-05,0.002219594090234568,15.68
15.7,1.1777504796495881e-33,0.2503584357160646,5.2e-06,1.6e-06,1.36e-05,0.0019927444292607574,15.7
15.72,1.1793976193626273e-33,0.2503613310988547,4.6e-06,1.5e-06,1.21e-05,0.001765298171513336,15.72
15.74,1.1810446261723512e-33,0.250365970475792,4.2e-06,1.3e-06,1.11e-05,0.0016140747323845136,15.74
15.76,1.1826915004969544e-33,0.2503666332008474,3.8e-06,1.2e-06,1.03e-05,0.001462393548740343,15.76
15.78,1.1843382427530637e-33,0.2503618494339431,3.4e-06,1e-06,9.5e-06,0.00131025420484743,15.78
15.8,1.1859848533557042e-33,0.2503554858694476,3e-06,8e-07,8.6e-06,0.0011576845847979514,15.8
15.82,1.187631332718389e-33,0.2503529500923687,2.7e-06,8e-07,7.5e-06,0.0010433520299978865,15.82
15.84,1.18927768125301e-33,0.2503559181554339,2.4e-06,7e-07,7e-06,0.0009287206743356174,15.84
15.86,1.190923899369971e-33,0.2503604882794363,2.2e-06,6e-07,6.4e-06,0.0008525212683884753,15.86
15.88,1.1925699874780899e-33,0.250361110873438,1.9e-06,5e-07,5.8e-06,0.0007372878674985451,15.88
15.9,1.1942159459846306e-33,0.2503563378375609,1.6e-06,4e-07,5.2e-06,0.000621719057071037,15.9
15.92,1.195861775295379e-33,0.2503499697146931,1.5e-06,4e-07,4.6e-06,0.0005836500505587836,15.92
15.94,1.1975074758145384e-33,0.2503475044544642,1.3e-06,3e-07,4.2e-06,0.0005065211604271218,15.94
15.96,1.1991530479448284e-33,0.2503501799506531,1.2e-06,3e-07,3.8e-06,0.0004682054995057789,15.96
15.98,1.2007984920874165e-33,0.2503546955463419,1e-06,2e-07,3.5e-06,0.0003907136788431538,15.98
16.0,1.2024438086419913e-33,0.2503555730982096,9e-07,2e-07,3.1e-06,0.00035212536039467055,16.0
