# E_nu,Te,sigma_e,sigma_x
5.000000000000000000e+00,5.250000000000000000e+00,1.259974746045518071e-45,1.936098629040597073e-46
5.517241379310345195e+00,5.250000000000000000e+00,2.107466721867655971e-45,3.219072940372021687e-46
6.034482758620689502e+00,5.250000000000000000e+00,2.918966026441631240e-45,4.445575021269184539e-46
6.551724137931034697e+00,5.250000000000000000e+00,3.564051057686083033e-45,5.427830039354971580e-46
7.068965517241379004e+00,5.250000000000000000e+00,4.010021690154063822e-45,6.123144535614317754e-46
7.586206896551724199e+00,5.250000000000000000e+00,4.288336301433707670e-45,6.580741875189691102e-46
8.103448275862069394e+00,5.250000000000000000e+00,4.450621732496498322e-45,6.876575863618974860e-46
8.620689655172414589e+00,5.250000000000000000e+00,4.542477110179452943e-45,7.075956026602900067e-46
9.137931034482758008e+00,5.250000000000000000e+00,4.595372238015826874e-45,7.222854905978681165e-46
9.655172413793103203e+00,5.250000000000000000e+00,4.628046306152630992e-45,7.342691132236722625e-46
1.017241379310344840e+01,5.250000000000000000e+00,4.650581520361393977e-45,7.448593997445620615e-46
1.068965517241379359e+01,5.250000000000000000e+00,4.668018398380712324e-45,7.546740708568802199e-46
1.120689655172413879e+01,5.250000000000000000e+00,4.682749657428031728e-45,7.639799030499957996e-46
1.172413793103448398e+01,5.250000000000000000e+00,4.695878727541574761e-45,7.728832911568968016e-46
1.224137931034482918e+01,5.250000000000000000e+00,4.707917166403312333e-45,7.814242178677865234e-46
1.275862068965517260e+01,5.250000000000000000e+00,4.719112110177652782e-45,7.896181565999803263e-46
1.327586206896551779e+01,5.250000000000000000e+00,4.729595024531559900e-45,7.974737501948627110e-46
1.379310344827586299e+01,5.250000000000000000e+00,4.739441919896698040e-45,8.049984652258945309e-46
1.431034482758620818e+01,5.250000000000000000e+00,4.748716506886592576e-45,8.122027206218142431e-46
1.482758620689655160e+01,5.250000000000000000e+00,4.757462791671159414e-45,8.190970518053856461e-46
1.534482758620689680e+01,5.250000000000000000e+00,4.765734894013716565e-45,8.256962282104469277e-46
1.586206896551724199e+01,5.250000000000000000e+00,4.773561224036362452e-45,8.320120633614392270e-46
1.637931034482758719e+01,5.250000000000000000e+00,4.780974489075995826e-45,8.380566742957903802e-46
1.689655172413793238e+01,5.250000000000000000e+00,4.788008707632487482e-45,8.438451135096897498e-46
1.741379310344827758e+01,5.250000000000000000e+00,4.794689158125235184e-45,8.493898736403429021e-46
1.793103448275861922e+01,5.250000000000000000e+00,4.801041804381870655e-45,8.547036694334842764e-46
1.844827586206896797e+01,5.250000000000000000e+00,4.807089554377281612e-45,8.597986665725690271e-46
1.896551724137930961e+01,5.250000000000000000e+00,4.812853308886292567e-45,8.646888857632105368e-46
1.948275862068965836e+01,5.250000000000000000e+00,4.818415786830887406e-45,8.693926994405384463e-46
2.000000000000000000e+01,5.250000000000000000e+00,4.823713950780852255e-45,8.739064917252481620e-46
5.000000000000000000e+00,5.750000000000000000e+00,6.468728157204480444e-46,9.918119357466289494e-47
5.517241379310345195e+00,5.750000000000000000e+00,1.328645872831460663e-45,2.022250808915283205e-46
6.034482758620689502e+00,5.750000000000000000e+00,2.142620124492413053e-45,3.245876669481190189e-46
6.551724137931034697e+00,5.750000000000000000e+00,2.919418451076533857e-45,4.413035430964552786e-46
7.068965517241379004e+00,5.750000000000000000e+00,3.543995627212752451e-45,5.358563945043377819e-46
7.586206896551724199e+00,5.750000000000000000e+00,3.984228686129165111e-45,6.039725629712389860e-46
8.103448275862069394e+00,5.750000000000000000e+00,4.265207724266537856e-45,6.495725362799488428e-46
8.620689655172414589e+00,5.750000000000000000e+00,4.432571032392818380e-45,6.793527490642626134e-46
9.137931034482758008e+00,5.750000000000000000e+00,4.528753888268245383e-45,6.993881402370491907e-46
9.655172413793103203e+00,5.750000000000000000e+00,4.584344517278865513e-45,7.139624091977414027e-46
1.017241379310344840e+01,5.750000000000000000e+00,4.618298583977994099e-45,7.256620276106143340e-46
1.068965517241379359e+01,5.750000000000000000e+00,4.641198348831846289e-45,7.358806051466055024e-46
1.120689655172413879e+01,5.750000000000000000e+00,4.658514521546131271e-45,7.453015574036469475e-46
1.172413793103448398e+01,5.750000000000000000e+00,4.672917400701309076e-45,7.542316784842724028e-46
1.224137931034482918e+01,5.750000000000000000e+00,4.685661687195104573e-45,7.627970081962805236e-46
1.275862068965517260e+01,5.750000000000000000e+00,4.697329184873681676e-45,7.710441521300722983e-46
1.327586206896551779e+01,5.750000000000000000e+00,4.708193275899965392e-45,7.789889253886719503e-46
1.379310344827586299e+01,5.750000000000000000e+00,4.718399015678962007e-45,7.866383580580841080e-46
1.431034482758620818e+01,5.750000000000000000e+00,4.728028948843654659e-45,7.939966207602714187e-46
1.482758620689655160e+01,5.750000000000000000e+00,4.737132722706592844e-45,8.010682912433035922e-46
1.534482758620689680e+01,5.750000000000000000e+00,4.745749773327452542e-45,8.078607844125601913e-46
1.586206896551724199e+01,5.750000000000000000e+00,4.753920264430187876e-45,8.143831935651706260e-46
1.637931034482758719e+01,5.750000000000000000e+00,4.761681780724393456e-45,8.206465455451302546e-46
1.689655172413793238e+01,5.750000000000000000e+00,4.769055604047809186e-45,8.266595573041173288e-46
1.741379310344827758e+01,5.750000000000000000e+00,4.776072645716163423e-45,8.324333196676735816e-46
1.793103448275861922e+01,5.750000000000000000e+00,4.782750304925343581e-45,8.379768883772557163e-46
1.844827586206896797e+01,5.750000000000000000e+00,4.789105905716613392e-45,8.433027233076090800e-46
1.896551724137930961e+01,5.750000000000000000e+00,4.795181534556087474e-45,8.484225312972827438e-46
1.948275862068965836e+01,5.750000000000000000e+00,4.800984758247586573e-45,8.533450833485786349e-46
2.000000000000000000e+01,5.750000000000000000e+00,4.806532943196638705e-45,8.580800517084002841e-46
5.000000000000000000e+00,6.250000000000000000e+00,2.757105777555392820e-46,4.221941824990981885e-47
5.517241379310345195e+00,6.250000000000000000e+00,7.186385946660517873e-46,1.091450879256747669e-46
6.034482758620689502e+00,6.250000000000000000e+00,1.390852710288984342e-45,2.099983213983672428e-46
6.551724137931034697e+00,6.250000000000000000e+00,2.174770263270100070e-45,3.271367913934987650e-46
7.068965517241379004e+00,6.250000000000000000e+00,2.920825496220050037e-45,4.386540432633355113e-46
7.586206896551724199e+00,6.250000000000000000e+00,3.526596314896720342e-45,5.298846646972271351e-46
8.103448275862069394e+00,6.250000000000000000e+00,3.960882552241005339e-45,5.966268355727709695e-46
8.620689655172414589e+00,6.250000000000000000e+00,4.243713668828891967e-45,6.420100394088361119e-46
9.137931034482758008e+00,6.250000000000000000e+00,4.415548341282950495e-45,6.719560672757724336e-46
9.655172413793103203e+00,6.250000000000000000e+00,4.515829028214235368e-45,6.921075957021270592e-46
1.017241379310344840e+01,6.250000000000000000e+00,4.574138643359858479e-45,7.066140865820778483e-46
1.068965517241379359e+01,6.250000000000000000e+00,4.609494521680863101e-45,7.180824482792261771e-46
1.120689655172413879e+01,6.250000000000000000e+00,4.632883901799505919e-45,7.279728193682360905e-46
1.172413793103448398e+01,6.250000000000000000e+00,4.650170162269385010e-45,7.370294697523296577e-46
1.224137931034482918e+01,6.250000000000000000e+00,4.664299232057869467e-45,7.456002087040737499e-46
1.275862068965517260e+01,6.250000000000000000e+00,4.676685043548329267e-45,7.538329962949290810e-46
1.327586206896551779e+01,6.250000000000000000e+00,4.687990642341003044e-45,7.617842151683740000e-46
1.379310344827586299e+01,6.250000000000000000e+00,4.698526427565664968e-45,7.694720770543266600e-46
1.431034482758620818e+01,6.250000000000000000e+00,4.708440795671710179e-45,7.769007245911826625e-46
1.482758620689655160e+01,6.250000000000000000e+00,4.717820049390682971e-45,7.840732420859398453e-46
1.534482758620689680e+01,6.250000000000000000e+00,4.726721619998368814e-45,7.909915835250200672e-46
1.586206896551724199e+01,6.250000000000000000e+00,4.735183308881547377e-45,7.976604370517325331e-46
1.637931034482758719e+01,6.250000000000000000e+00,4.743226782533733695e-45,8.040833727875617000e-46
1.689655172413793238e+01,6.250000000000000000e+00,4.750884661640394315e-45,8.102683570505801498e-46
1.741379310344827758e+01,6.250000000000000000e+00,4.758182940611942404e-45,8.162232108861011419e-46
1.793103448275861922e+01,6.250000000000000000e+00,4.765155359958240618e-45,8.219592367767073979e-46
1.844827586206896797e+01,6.250000000000000000e+00,4.771819850073563298e-45,8.274823652896390785e-46
1.896551724137930961e+01,6.250000000000000000e+00,4.778182665390314921e-45,8.327997884079659659e-46
1.948275862068965836e+01,6.250000000000000000e+00,4.784258002892112561e-45,8.379185703361627168e-46
2.000000000000000000e+01,6.250000000000000000e+00,4.790033458726707397e-45,8.428461239459953318e-46
5.000000000000000000e+00,6.750000000000000000e+00,9.648358382858278156e-47,1.476372157552475707e-47
5.517241379310345195e+00,6.750000000000000000e+00,3.290005184984674665e-46,4.990336682601110843e-47
6.034482758620689502e+00,6.750000000000000000e+00,7.858746117102580825e-46,1.184089991358598869e-46
6.551724137931034697e+00,6.750000000000000000e+00,1.447628420651749046e-45,2.170733099895453241e-46
7.068965517241379004e+00,6.750000000000000000e+00,2.204404361235709662e-45,3.295682990226821420e-46
7.586206896551724199e+00,6.750000000000000000e+00,2.922970493534421584e-45,4.364840906580263994e-46
8.103448275862069394e+00,6.750000000000000000e+00,3.511419968090219274e-45,5.246926768400907770e-46
8.620689655172414589e+00,6.750000000000000000e+00,3.939663746251702036e-45,5.901083792493244022e-46
9.137931034482758008e+00,6.750000000000000000e+00,4.223676509587236991e-45,6.352304373677308955e-46
9.655172413793103203e+00,6.750000000000000000e+00,4.399429340760836815e-45,6.653118579914008487e-46
1.017241379310344840e+01,6.750000000000000000e+00,4.503563616228288648e-45,6.855904052476824222e-46
1.068965517241379359e+01,6.750000000000000000e+00,4.564580993320826444e-45,7.000682253375735234e-46
1.120689655172413879e+01,6.750000000000000000e+00,4.601433571817099534e-45,7.113527495654408101e-46
1.172413793103448398e+01,6.750000000000000000e+00,4.625426345744888940e-45,7.209574747842370922e-46
1.224137931034482918e+01,6.750000000000000000e+00,4.642775404955872287e-45,7.296819295736923732e-46
1.275862068965517260e+01,6.750000000000000000e+00,4.656690109334279067e-45,7.379137500220349283e-46
1.327586206896551779e+01,6.750000000000000000e+00,4.668750233129461020e-45,7.458248447670721883e-46
1.379310344827586299e+01,6.750000000000000000e+00,4.679707555522197376e-45,7.534832376172459445e-46
1.431034482758620818e+01,6.750000000000000000e+00,4.689914546463999043e-45,7.609113194350773412e-46
1.482758620689655160e+01,6.750000000000000000e+00,4.699537888775711497e-45,7.681138714700230389e-46
1.534482758620689680e+01,6.750000000000000000e+00,4.708665868366095096e-45,7.750910377296938640e-46
1.586206896551724199e+01,6.750000000000000000e+00,4.717343908691020947e-45,7.818420656013499721e-46
1.637931034482758719e+01,6.750000000000000000e+00,4.725620219870977998e-45,7.883700043601099691e-46
1.689655172413793238e+01,6.750000000000000000e+00,4.733515009580456882e-45,7.946769093332901752e-46
1.741379310344827758e+01,6.750000000000000000e+00,4.741056946728395681e-45,8.007671945435226958e-46
1.793103448275861922e+01,6.750000000000000000e+00,4.748259507590638611e-45,8.066458891330681004e-46
1.844827586206896797e+01,6.750000000000000000e+00,4.755147335433106518e-45,8.123197346527532570e-46
1.896551724137930961e+01,6.750000000000000000e+00,4.761739145030046888e-45,8.177955675483638314e-46
1.948275862068965836e+01,6.750000000000000000e+00,4.768052359261894982e-45,8.230829804028401372e-46
2.000000000000000000e+01,6.750000000000000000e+00,4.774149887781813948e-45,8.281891709433475572e-46
5.000000000000000000e+00,7.250000000000000000e+00,2.749908436099420656e-47,4.206119570899379150e-48
5.517241379310345195e+00,7.250000000000000000e+00,1.262199309495977698e-46,1.913043094266486069e-47
6.034482758620689502e+00,7.250000000000000000e+00,3.818548538981207487e-46,5.746046080484920639e-47
6.551724137931034697e+00,7.250000000000000000e+00,8.489406565397172994e-46,1.270442244713405430e-46
7.068965517241379004e+00,7.250000000000000000e+00,1.499789350142835776e-45,2.235611562537520641e-46
7.586206896551724199e+00,7.250000000000000000e+00,2.231902539761862434e-45,3.318939366694483060e-46
8.103448275862069394e+00,7.250000000000000000e+00,2.925693377568731496e-45,4.347004727943326076e-46
8.620689655172414589e+00,7.250000000000000000e+00,3.498124784962684410e-45,5.201459786337821931e-46
9.137931034482758008e+00,7.250000000000000000e+00,3.920309795393949791e-45,5.842854999462659665e-46
9.655172413793103203e+00,7.250000000000000000e+00,4.204950278464514820e-45,6.291120320876111521e-46
1.017241379310344840e+01,7.250000000000000000e+00,4.384120227891336484e-45,6.592997246058334391e-46
1.068965517241379359e+01,7.250000000000000000e+00,4.491858321874959839e-45,6.797100753793307574e-46
1.120689655172413879e+01,7.250000000000000000e+00,4.555545023203053334e-45,6.941905597994164302e-46
1.172413793103448398e+01,7.250000000000000000e+00,4.593964175210844005e-45,7.053328780033731926e-46
1.224137931034482918e+01,7.250000000000000000e+00,4.618659153152956402e-45,7.146917950523150506e-46
1.275862068965517260e+01,7.250000000000000000e+00,4.636159334354841385e-45,7.231164215422067192e-46
1.327586206896551779e+01,7.250000000000000000e+00,4.649925139016338210e-45,7.310326863642179680e-46
1.379310344827586299e+01,7.250000000000000000e+00,4.661698787249571986e-45,7.386366756572137848e-46
1.431034482758620818e+01,7.250000000000000000e+00,4.672326359717937519e-45,7.460094112554802810e-46
1.482758620689655160e+01,7.250000000000000000e+00,4.682211406220813687e-45,7.531795629842318410e-46
1.534482758620689680e+01,7.250000000000000000e+00,4.691542864071279665e-45,7.601534729655455482e-46
1.586206896551724199e+01,7.250000000000000000e+00,4.700410558353680607e-45,7.669297362278638082e-46
1.637931034482758719e+01,7.250000000000000000e+00,4.708868742156258756e-45,7.735069557467297541e-46
1.689655172413793238e+01,7.250000000000000000e+00,4.716951200983111773e-45,7.798843341365138788e-46
1.741379310344827758e+01,7.250000000000000000e+00,4.724679325020511494e-45,7.860625467842178018e-46
1.793103448275861922e+01,7.250000000000000000e+00,4.732084109212506287e-45,7.920447322523645265e-46
1.844827586206896797e+01,7.250000000000000000e+00,4.739171980009553836e-45,7.978326895942791506e-46
1.896551724137930961e+01,7.250000000000000000e+00,4.745968325227568236e-45,8.034324996248113257e-46
1.948275862068965836e+01,7.250000000000000000e+00,4.752486738166711890e-45,8.088488551592234020e-46
2.000000000000000000e+01,7.250000000000000000e+00,4.758742912439893583e-45,8.140873865434648229e-46
5.000000000000000000e+00,7.750000000000000000e+00,6.345634100580458001e-48,9.703761439582197215e-49
5.517241379310345195e+00,7.750000000000000000e+00,4.028141970474978916e-47,6.102395204570884570e-48
6.034482758620689502e+00,7.750000000000000000e+00,1.581137519629094795e-46,2.377343460172801282e-47
6.551724137931034697e+00,7.750000000000000000e+00,4.338232427160188783e-46,6.483878890298424937e-47
7.068965517241379004e+00,7.750000000000000000e+00,9.081975529493955808e-46,1.351160495291953254e-46
7.586206896551724199e+00,7.750000000000000000e+00,1.547989377752813228e-45,2.295492889889795069e-46
8.103448275862069394e+00,7.750000000000000000e+00,2.257566519997410196e-45,3.341238411217670128e-46
8.620689655172414589e+00,7.750000000000000000e+00,2.928873506147743082e-45,4.332322428827759691e-46
9.137931034482758008e+00,7.750000000000000000e+00,3.486436862667056102e-45,5.161395608462662036e-46
9.655172413793103203e+00,7.750000000000000000e+00,3.902602122115482133e-45,5.790538060050217283e-46
1.017241379310344840e+01,7.750000000000000000e+00,4.187412218899934113e-45,6.235583951796994044e-46
1.068965517241379359e+01,7.750000000000000000e+00,4.369547671318487774e-45,6.538249833810900256e-46
1.120689655172413879e+01,7.750000000000000000e+00,4.480640593667805812e-45,6.743672965240492359e-46
1.172413793103448398e+01,7.750000000000000000e+00,4.546937338292790114e-45,6.888750883569487674e-46
1.224137931034482918e+01,7.750000000000000000e+00,4.586971479144380126e-45,6.999113108719601182e-46
1.275862068965517260e+01,7.750000000000000000e+00,4.612452952881002013e-45,7.090609663375491687e-46
1.327586206896551779e+01,7.750000000000000000e+00,4.630184670657002129e-45,7.172168863796150195e-46
1.379310344827586299e+01,7.750000000000000000e+00,4.643863862203530865e-45,7.248415759784759819e-46
1.431034482758620818e+01,7.750000000000000000e+00,4.655396138836014558e-45,7.321555366789997324e-46
1.482758620689655160e+01,7.750000000000000000e+00,4.665723422278211994e-45,7.392535469220392794e-46
1.534482758620689680e+01,7.750000000000000000e+00,4.675296363515610255e-45,7.461705331263736563e-46
1.586206896551724199e+01,7.750000000000000000e+00,4.684335835583605469e-45,7.529163742815371610e-46
1.637931034482758719e+01,7.750000000000000000e+00,4.692946202834437698e-45,7.594905668818136643e-46
1.689655172413793238e+01,7.750000000000000000e+00,4.701174510249056944e-45,7.658887658606538084e-46
1.741379310344827758e+01,7.750000000000000000e+00,4.709055915909516740e-45,7.721093302206766298e-46
1.793103448275861922e+01,7.750000000000000000e+00,4.716613860426974792e-45,7.781512998512157513e-46
1.844827586206896797e+01,7.750000000000000000e+00,4.723872459294086493e-45,7.840163586650199672e-46
1.896551724137930961e+01,7.750000000000000000e+00,4.730840127604132703e-45,7.897048406397033598e-46
1.948275862068965836e+01,7.750000000000000000e+00,4.737535340411509616e-45,7.952196467955354442e-46
2.000000000000000000e+01,7.750000000000000000e+00,4.743952295701149314e-45,8.005626662330642129e-46
5.000000000000000000e+00,8.250000000000000000e+00,1.180325533834385976e-48,1.804747249617209601e-49
5.517241379310345195e+00,8.250000000000000000e+00,1.063530883898698953e-47,1.610744366975129062e-48
6.034482758620689502e+00,8.250000000000000000e+00,5.541418791992654203e-47,8.327725187523201950e-48
6.551724137931034697e+00,8.250000000000000000e+00,1.915793031315637555e-46,2.860985502807898070e-47
7.068965517241379004e+00,8.250000000000000000e+00,4.846217270370083169e-46,7.200829943632678687e-47
7.586206896551724199e+00,8.250000000000000000e+00,9.639870632678528612e-46,1.426828175924283878e-46
8.103448275862069394e+00,8.250000000000000000e+00,1.592758831531406230e-45,2.351075841128432824e-46
8.620689655172414589e+00,8.250000000000000000e+00,2.281639434815181695e-45,3.362667892591388524e-46
9.137931034482758008e+00,8.250000000000000000e+00,2.932418376594041330e-45,4.320244647006321451e-46
9.655172413793103203e+00,8.250000000000000000e+00,3.476133762394976417e-45,5.125901635223810361e-46
1.017241379310344840e+01,8.250000000000000000e+00,3.886356614081419078e-45,5.743293482776253406e-46
1.068965517241379359e+01,8.250000000000000000e+00,4.170957209394483440e-45,6.184919526818033308e-46
1.120689655172413879e+01,8.250000000000000000e+00,4.355652494236248451e-45,6.488120544408696644e-46
1.172413793103448398e+01,8.250000000000000000e+00,4.469856457407580453e-45,6.694830617620293563e-46
1.224137931034482918e+01,8.250000000000000000e+00,4.538688120288197566e-45,6.840371015986813569e-46
1.275862068965517260e+01,8.250000000000000000e+00,4.580367118031589436e-45,6.949982117884567749e-46
1.327586206896551779e+01,8.250000000000000000e+00,4.606706456413588292e-45,7.039718244697383263e-46
1.379310344827586299e+01,8.250000000000000000e+00,4.624743064282247163e-45,7.118885459103885895e-46
1.431034482758620818e+01,8.250000000000000000e+00,4.638395733860408629e-45,7.192453606815649240e-46
1.482758620689655160e+01,8.250000000000000000e+00,4.649729092388542878e-45,7.262868332232435919e-46
1.534482758620689680e+01,8.250000000000000000e+00,4.659784756230683317e-45,7.331225668134770568e-46
1.586206896551724199e+01,8.250000000000000000e+00,4.669070035663399394e-45,7.397951060461952145e-46
1.637931034482758719e+01,8.250000000000000000e+00,4.677824772614655250e-45,7.463163666909838364e-46
1.689655172413793238e+01,8.250000000000000000e+00,4.686171958488682115e-45,7.526880865788176305e-46
1.741379310344827758e+01,8.250000000000000000e+00,4.694171696844602292e-45,7.589064260058727352e-46
1.793103448275861922e+01,8.250000000000000000e+00,4.701850726244991674e-45,7.649667501529166302e-46
1.844827586206896797e+01,8.250000000000000000e+00,4.709229560636322416e-45,7.708672516621962421e-46
1.896551724137930961e+01,8.250000000000000000e+00,4.716326749084214373e-45,7.766070943189234212e-46
1.948275862068965836e+01,8.250000000000000000e+00,4.723156389260654299e-45,7.821873626298462503e-46
2.000000000000000000e+01,8.250000000000000000e+00,4.729747067520480275e-45,7.876103951503848811e-46
5.000000000000000000e+00,8.750000000000000000e+00,1.763740910847894275e-49,2.696666857093843325e-50
5.517241379310345195e+00,8.750000000000000000e+00,2.313526874353749474e-48,3.503341310856206036e-49
6.034482758620689502e+00,8.750000000000000000e+00,1.635465902773693789e-47,2.457040296459128439e-48
6.551724137931034697e+00,8.750000000000000000e+00,7.265333025121803497e-47,1.084413439107274409e-47
7.068965517241379004e+00,8.750000000000000000e+00,2.261344852007162573e-46,3.357289912877873722e-47
7.586206896551724199e+00,8.750000000000000000e+00,5.340805194342722675e-46,7.895342618997328882e-47
8.103448275862069394e+00,8.750000000000000000e+00,1.016623584910437516e-45,1.497960475617871148e-46
8.620689655172414589e+00,8.750000000000000000e+00,1.634532759793871624e-45,2.402926648832380087e-46
9.137931034482758008e+00,8.750000000000000000e+00,2.304319831081380865e-45,3.383304131807454819e-46
9.655172413793103203e+00,8.750000000000000000e+00,2.936256001851272524e-45,4.310339529571269817e-46
1.017241379310344840e+01,8.750000000000000000e+00,3.467032719139322487e-45,5.094308858504082778e-46
1.068965517241379359e+01,8.750000000000000000e+00,3.871416691775066795e-45,5.700437557175929215e-46
1.120689655172413879e+01,8.750000000000000000e+00,4.155493937139582390e-45,6.138494524853620219e-46
1.172413793103448398e+01,8.750000000000000000e+00,4.342385515548987388e-45,6.441997840737090642e-46
1.224137931034482918e+01,8.750000000000000000e+00,4.459465047382403574e-45,6.649937661525597880e-46
1.275862068965517260e+01,8.750000000000000000e+00,4.530744891103163858e-45,6.796082156093356397e-46
1.327586206896551779e+01,8.750000000000000000e+00,4.574082387710386513e-45,6.905204791957561998e-46
1.379310344827586299e+01,8.750000000000000000e+00,4.601338671964596309e-45,6.993479140919756836e-46
1.431034482758620818e+01,8.750000000000000000e+00,4.619747270326500143e-45,7.070532090356324556e-46
1.482758620689655160e+01,8.750000000000000000e+00,4.633429610222549930e-45,7.141650689078929368e-46
1.534482758620689680e+01,8.750000000000000000e+00,4.644606501437036786e-45,7.209519470990173760e-46
1.586206896551724199e+01,8.750000000000000000e+00,4.654419685245686773e-45,7.275384226416416049e-46
1.637931034482758719e+01,8.750000000000000000e+00,4.663434144170051093e-45,7.339753879288978126e-46
1.689655172413793238e+01,8.750000000000000000e+00,4.671923822553932989e-45,7.402792998946136471e-46
1.741379310344827758e+01,8.750000000000000000e+00,4.680016846793729994e-45,7.464511894333657028e-46
1.793103448275861922e+01,8.750000000000000000e+00,4.687781678220347201e-45,7.524890570533325750e-46
1.844827586206896797e+01,8.750000000000000000e+00,4.695255248394238994e-45,7.583881123772646544e-46
1.896551724137930961e+01,8.750000000000000000e+00,4.702454528759286756e-45,7.641445511761130426e-46
1.948275862068965836e+01,8.750000000000000000e+00,4.709391108400107988e-45,7.697561809502245406e-46
2.000000000000000000e+01,8.750000000000000000e+00,4.716079994610441958e-45,7.752224661709494444e-46
5.000000000000000000e+00,9.250000000000000000e+00,0.000000000000000000e+00,0.000000000000000000e+00
5.517241379310345195e+00,9.250000000000000000e+00,4.133411619311174574e-49,6.258627935602819758e-50
6.034482758620689502e+00,9.250000000000000000e+00,4.049058412699555333e-48,6.081939174082855116e-49
6.551724137931034697e+00,9.250000000000000000e+00,2.354866584322675580e-47,3.513656779544547449e-48
7.068965517241379004e+00,9.250000000000000000e+00,9.173420021686377658e-47,1.361188660545156046e-47
7.586206896551724199e+00,9.250000000000000000e+00,2.613900234243246676e-46,3.860964079262420547e-47
8.103448275862069394e+00,9.250000000000000000e+00,5.821077850344528400e-46,8.566813945452888830e-47
8.620689655172414589e+00,9.250000000000000000e+00,1.066391822992380027e-45,1.565009846932746879e-46
9.137931034482758008e+00,9.250000000000000000e+00,1.673671768902623471e-45,2.451509826287944720e-46
9.655172413793103203e+00,9.250000000000000000e+00,2.325771774604178969e-45,3.403213806658434069e-46
1.017241379310344840e+01,9.250000000000000000e+00,2.940329631259539847e-45,4.302263039232532297e-46
1.068965517241379359e+01,9.250000000000000000e+00,3.458982007757877999e-45,5.066073305374822857e-46
1.120689655172413879e+01,9.250000000000000000e+00,3.857648092194473963e-45,5.661407155389383109e-46
1.172413793103448398e+01,9.250000000000000000e+00,4.140942202995459878e-45,6.095787004546014528e-46
1.224137931034482918e+01,9.250000000000000000e+00,4.329704765864251061e-45,6.399380731166572201e-46
1.275862068965517260e+01,9.250000000000000000e+00,4.449434742000517146e-45,6.608476270234736355e-46
1.327586206896551779e+01,9.250000000000000000e+00,4.523068085139158825e-45,6.755327242402134383e-46
1.379310344827586299e+01,9.250000000000000000e+00,4.568063913976932311e-45,6.864181780543201776e-46
1.431034482758620818e+01,9.250000000000000000e+00,4.596284296598566350e-45,6.951259597523977478e-46
1.482758620689655160e+01,9.250000000000000000e+00,4.615125031977518790e-45,7.026456058757120451e-46
1.534482758620689680e+01,9.250000000000000000e+00,4.628891423161396094e-45,7.095346918002147410e-46
1.586206896551724199e+01,9.250000000000000000e+00,4.639952368739054794e-45,7.160845136743959461e-46
1.637931034482758719e+01,9.250000000000000000e+00,4.649552097228693915e-45,7.224352340941277756e-46
1.689655172413793238e+01,9.250000000000000000e+00,4.658316914400399384e-45,7.286466248297503496e-46
1.741379310344827758e+01,9.250000000000000000e+00,4.666550684583615940e-45,7.347393785269038013e-46
1.793103448275861922e+01,9.250000000000000000e+00,4.674402507194941491e-45,7.407172885671779050e-46
1.844827586206896797e+01,9.250000000000000000e+00,4.681943150762813263e-45,7.465771124717628117e-46
1.896551724137930961e+01,9.250000000000000000e+00,4.689208298962559536e-45,7.523146875792641398e-46
1.948275862068965836e+01,9.250000000000000000e+00,4.696222564962266227e-45,7.579254729384740504e-46
2.000000000000000000e+01,9.250000000000000000e+00,4.702997520242871527e-45,7.634068740838640530e-46
5.000000000000000000e+00,9.750000000000000000e+00,0.000000000000000000e+00,0.000000000000000000e+00
5.517241379310345195e+00,9.750000000000000000e+00,0.000000000000000000e+00,0.000000000000000000e+00
6.034482758620689502e+00,9.750000000000000000e+00,8.384326085809857652e-49,1.259234071350475054e-49
6.551724137931034697e+00,9.750000000000000000e+00,6.499812387941234360e-48,9.696165116109675823e-49
7.068965517241379004e+00,9.750000000000000000e+00,3.220732148175151467e-47,4.777344379391064865e-48
7.586206896551724199e+00,9.750000000000000000e+00,1.123937765804755288e-46,1.659240486709875171e-47
8.103448275862069394e+00,9.750000000000000000e+00,2.970356753290492907e-46,4.367864260322250817e-47
8.620689655172414589e+00,9.750000000000000000e+00,6.286646179670589574e-46,9.215262591205759861e-47
9.137931034482758008e+00,9.750000000000000000e+00,1.113547410127834430e-45,1.628372930811037733e-46
9.655172413793103203e+00,9.750000000000000000e+00,1.710477598154356681e-45,2.497210653429574118e-46
1.017241379310344840e+01,9.750000000000000000e+00,2.346132279219618784e-45,3.422455449319889784e-46
1.068965517241379359e+01,9.750000000000000000e+00,2.944594015606174661e-45,4.295737823346711385e-46
1.120689655172413879e+01,9.750000000000000000e+00,3.451854505799452745e-45,5.040747943202849643e-46
1.172413793103448398e+01,9.750000000000000000e+00,3.844934859886188780e-45,5.625733789452611376e-46
1.224137931034482918e+01,9.750000000000000000e+00,4.127230966006906185e-45,6.056361680460129625e-46
1.275862068965517260e+01,9.750000000000000000e+00,4.317573639152516333e-45,6.359854148817626021e-46
1.327586206896551779e+01,9.750000000000000000e+00,4.439740428399067390e-45,6.570020344042608354e-46
1.379310344827586299e+01,9.750000000000000000e+00,4.515627629052396967e-45,6.717648384938985173e-46
1.431034482758620818e+01,9.750000000000000000e+00,4.562270343693899966e-45,6.826418364240480031e-46
1.482758620689655160e+01,9.750000000000000000e+00,4.591491028008207685e-45,6.912533237228193418e-46
1.534482758620689680e+01,9.750000000000000000e+00,4.610816304492010903e-45,6.986108901366782085e-46
1.586206896551724199e+01,9.750000000000000000e+00,4.624717370013408665e-45,7.052982646382854933e-46
1.637931034482758719e+01,9.750000000000000000e+00,4.635704325006472782e-45,7.116285858997093148e-46
1.689655172413793238e+01,9.750000000000000000e+00,4.645118790036259422e-45,7.177568956691625840e-46
1.741379310344827758e+01,9.750000000000000000e+00,4.653653117110331540e-45,7.237529904455529298e-46
1.793103448275861922e+01,9.750000000000000000e+00,4.661647273620504120e-45,7.296424419976013418e-46
1.844827586206896797e+01,9.750000000000000000e+00,4.669264139960902558e-45,7.354310200451360821e-46
1.896551724137930961e+01,9.750000000000000000e+00,4.676585623983890073e-45,7.411167316795833315e-46
1.948275862068965836e+01,9.750000000000000000e+00,4.683652750391778940e-45,7.466951111145298315e-46
2.000000000000000000e+01,9.750000000000000000e+00,4.690483590919629358e-45,7.521610554365653260e-46
5.000000000000000000e+00,1.025000000000000000e+01,0.000000000000000000e+00,0.000000000000000000e+00
5.517241379310345195e+00,1.025000000000000000e+01,0.000000000000000000e+00,0.000000000000000000e+00
6.034482758620689502e+00,1.025000000000000000e+01,1.448689258485472555e-49,2.175629938779124735e-50
6.551724137931034697e+00,1.025000000000000000e+01,1.523479122756658097e-48,2.272354257291458511e-49
7.068965517241379004e+00,1.025000000000000000e+01,9.753083671328768368e-48,1.446343060908297667e-48
7.586206896551724199e+00,1.025000000000000000e+01,4.228009139587524289e-47,6.239379179890281950e-48
8.103448275862069394e+00,1.025000000000000000e+01,1.343835008612685693e-46,1.974986292110695668e-47
8.620689655172414589e+00,1.025000000000000000e+01,3.328266078970503359e-46,4.874777399220352111e-47
9.137931034482758008e+00,1.025000000000000000e+01,6.737477538257632468e-46,9.841105770429470385e-47
9.655172413793103203e+00,1.025000000000000000e+01,1.158318885266579029e-45,1.688397555706112495e-46
1.017241379310344840e+01,1.025000000000000000e+01,1.745204915693423833e-45,2.540351867510751908e-46
1.068965517241379359e+01,1.025000000000000000e+01,2.365516860099139041e-45,3.441080684544662548e-46
1.120689655172413879e+01,1.025000000000000000e+01,2.949012714260857579e-45,4.290537897922657812e-46
1.172413793103448398e+01,1.025000000000000000e+01,3.445542818683784249e-45,5.017961867659977078e-46
1.224137931034482918e+01,1.025000000000000000e+01,3.833176210233156094e-45,5.593024171516611924e-46
1.275862068965517260e+01,1.025000000000000000e+01,4.114296870660811936e-45,6.019852078395839106e-46
1.327586206896551779e+01,1.025000000000000000e+01,4.305959663074116827e-45,6.323070730119020799e-46
1.379310344827586299e+01,1.025000000000000000e+01,4.430361634130819308e-45,6.534215793402487676e-46
1.431034482758620818e+01,1.025000000000000000e+01,4.508400348175735362e-45,6.682665819433125910e-46
1.482758620689655160e+01,1.025000000000000000e+01,4.556669491723702020e-45,6.791503162008614425e-46
1.534482758620689680e+01,1.025000000000000000e+01,4.586917231404001188e-45,6.876860068966338204e-46
1.586206896551724199e+01,1.025000000000000000e+01,4.606771923968254043e-45,6.949028326935270903e-46
1.637931034482758719e+01,1.025000000000000000e+01,4.620853528617455441e-45,7.014081607659927038e-46
1.689655172413793238e+01,1.025000000000000000e+01,4.631806071296058175e-45,7.075358648588150493e-46
1.741379310344827758e+01,1.025000000000000000e+01,4.641067692318764717e-45,7.134556376250042767e-46
1.793103448275861922e+01,1.025000000000000000e+01,4.649390499916029789e-45,7.192466146077725639e-46
1.844827586206896797e+01,1.025000000000000000e+01,4.657157800599566500e-45,7.249408008784356606e-46
1.896551724137930961e+01,1.025000000000000000e+01,4.664551840721858866e-45,7.305462115189231498e-46
1.948275862068965836e+01,1.025000000000000000e+01,4.671660284125411755e-45,7.360617661350860770e-46
2.000000000000000000e+01,1.025000000000000000e+01,4.678528624642693183e-45,7.414831122587857435e-46
5.000000000000000000e+00,1.075000000000000000e+01,0.000000000000000000e+00,0.000000000000000000e+00
5.517241379310345195e+00,1.075000000000000000e+01,0.000000000000000000e+00,0.000000000000000000e+00
6.034482758620689502e+00,1.075000000000000000e+01,0.000000000000000000e+00,0.000000000000000000e+00
6.551724137931034697e+00,1.075000000000000000e+01,3.025618826595968644e-49,4.512493498007152289e-50
7.068965517241379004e+00,1.075000000000000000e+01,2.540564694766855799e-48,3.766967981578157139e-49
7.586206896551724199e+00,1.075000000000000000e+01,1.386918626474192473e-47,2.046194921914948442e-48
8.103448275862069394e+00,1.075000000000000000e+01,5.368883977357619938e-47,7.887434955463467753e-48
8.620689655172414589e+00,1.075000000000000000e+01,1.574758548704454034e-46,2.305192121791174573e-47
9.137931034482758008e+00,1.075000000000000000e+01,3.685712255447083757e-46,5.379234502127294064e-47
9.655172413793103203e+00,1.075000000000000000e+01,7.173776093509026881e-46,1.044500907929919223e-46
1.017241379310344840e+01,1.075000000000000000e+01,1.200910200991063807e-45,1.745389231002896696e-46
1.068965517241379359e+01,1.075000000000000000e+01,1.778070363410932828e-45,2.581206242169179383e-46
1.120689655172413879e+01,1.075000000000000000e+01,2.384023747375331623e-45,3.459135253459886259e-46
1.172413793103448398e+01,1.075000000000000000e+01,2.953556120585349516e-45,4.286477362231568740e-46
1.224137931034482918e+01,1.075000000000000000e+01,3.439955537069596547e-45,4.997404656641223649e-46
1.275862068965517260e+01,1.075000000000000000e+01,3.822284040482534996e-45,5.562945433097245926e-46
1.327586206896551779e+01,1.075000000000000000e+01,4.102083097630700172e-45,5.985947006477446330e-46
1.379310344827586299e+01,1.075000000000000000e+01,4.294833654294549671e-45,6.288737115170314707e-46
1.431034482758620818e+01,1.075000000000000000e+01,4.421281277152165142e-45,6.500765749910468320e-46
1.482758620689655160e+01,1.075000000000000000e+01,4.501368126932927620e-45,6.650061938081742015e-46
1.534482758620689680e+01,1.075000000000000000e+01,4.551236027837490247e-45,6.759091395401110472e-46
1.586206896551724199e+01,1.075000000000000000e+01,4.582529587468192022e-45,6.843869953065509559e-46
1.637931034482758719e+01,1.075000000000000000e+01,4.602952021394759628e-45,6.914824643512380904e-46
1.689655172413793238e+01,1.075000000000000000e+01,4.617256282030303667e-45,6.978240519981191363e-46
1.741379310344827758e+01,1.075000000000000000e+01,4.628210185963499143e-45,7.037649108343672283e-46
1.793103448275861922e+01,1.075000000000000000e+01,4.637348562870102675e-45,7.094896629390741319e-46
1.844827586206896797e+01,1.075000000000000000e+01,4.645484813032729847e-45,7.150864783303753844e-46
1.896551724137930961e+01,1.075000000000000000e+01,4.653037784942219255e-45,7.205931192188585645e-46
1.948275862068965836e+01,1.075000000000000000e+01,4.660218353493085116e-45,7.260219284558295209e-46
2.000000000000000000e+01,1.075000000000000000e+01,4.667122589194375707e-45,7.313721749540408659e-46
5.000000000000000000e+00,1.125000000000000000e+01,0.000000000000000000e+00,0.000000000000000000e+00
5.517241379310345195e+00,1.125000000000000000e+01,0.000000000000000000e+00,0.000000000000000000e+00
6.034482758620689502e+00,1.125000000000000000e+01,0.000000000000000000e+00,0.000000000000000000e+00
6.551724137931034697e+00,1.125000000000000000e+01,0.000000000000000000e+00,0.000000000000000000e+00
7.068965517241379004e+00,1.125000000000000000e+01,5.680719971706342969e-49,8.422106819966638636e-50
7.586206896551724199e+00,1.125000000000000000e+01,3.957103029365215302e-48,5.837126959144162402e-49
8.103448275862069394e+00,1.125000000000000000e+01,1.888304144276791632e-47,2.773376864699346800e-48
8.620689655172414589e+00,1.125000000000000000e+01,6.633834035949461321e-47,9.707066642152890460e-48
9.137931034482758008e+00,1.125000000000000000e+01,1.814669792209024905e-46,2.646994151468988904e-47
9.655172413793103203e+00,1.125000000000000000e+01,4.041208263560693699e-46,5.879356762089205131e-47
1.017241379310344840e+01,1.125000000000000000e+01,7.595899944345700163e-46,1.102778535914864678e-46
1.068965517241379359e+01,1.125000000000000000e+01,1.241503332157102884e-45,1.799616924975433569e-46
1.120689655172413879e+01,1.125000000000000000e+01,1.809259572678331191e-45,2.620006199713812362e-46
1.172413793103448398e+01,1.125000000000000000e+01,2.401737126741374193e-45,3.476659861943996115e-46
1.224137931034482918e+01,1.125000000000000000e+01,2.958199991804110258e-45,4.283401958849109678e-46
1.275862068965517260e+01,1.125000000000000000e+01,3.435014327809200025e-45,4.978814449753257241e-46
1.327586206896551779e+01,1.125000000000000000e+01,3.812180932796010280e-45,5.535213741473265517e-46
1.379310344827586299e+01,1.125000000000000000e+01,4.090538444069451828e-45,5.954380152351092102e-46
1.431034482758620818e+01,1.125000000000000000e+01,4.284169109054473205e-45,6.256603480870645683e-46
1.482758620689655160e+01,1.125000000000000000e+01,4.412484809192115526e-45,6.469419314222277700e-46
1.534482758620689680e+01,1.125000000000000000e+01,4.494516654095962080e-45,6.619569156469702363e-46
1.586206896551724199e+01,1.125000000000000000e+01,4.545949808982696664e-45,6.728891990304716850e-46
1.637931034482758719e+01,1.125000000000000000e+01,4.578301053950306841e-45,6.813249184560664815e-46
1.689655172413793238e+01,1.125000000000000000e+01,4.599324005444270762e-45,6.883165217819553436e-46
1.741379310344827758e+01,1.125000000000000000e+01,4.613888128326440843e-45,6.945112527400604247e-46
1.793103448275861922e+01,1.125000000000000000e+01,4.624878122796690437e-45,7.002804004269500082e-46
1.844827586206896797e+01,1.125000000000000000e+01,4.633919784099727767e-45,7.058226488295469391e-46
1.896551724137930961e+01,1.125000000000000000e+01,4.641892023929711073e-45,7.112362977860139051e-46
1.948275862068965836e+01,1.125000000000000000e+01,4.649249483924529946e-45,7.165641730507601931e-46
2.000000000000000000e+01,1.125000000000000000e+01,4.656224334408549964e-45,7.218221584363619562e-46
5.000000000000000000e+00,1.175000000000000000e+01,0.000000000000000000e+00,0.000000000000000000e+00
5.517241379310345195e+00,1.175000000000000000e+01,0.000000000000000000e+00,0.000000000000000000e+00
6.034482758620689502e+00,1.175000000000000000e+01,0.000000000000000000e+00,0.000000000000000000e+00
6.551724137931034697e+00,1.175000000000000000e+01,0.000000000000000000e+00,0.000000000000000000e+00
7.068965517241379004e+00,1.175000000000000000e+01,0.000000000000000000e+00,0.000000000000000000e+00
7.586206896551724199e+00,1.175000000000000000e+01,9.800245655460233940e-49,1.445468031230720824e-49
8.103448275862069394e+00,1.175000000000000000e+01,5.832399770355137311e-48,8.564552062100255022e-49
8.620689655172414589e+00,1.175000000000000000e+01,2.480736848043692859e-47,3.628984128127861740e-48
9.137931034482758008e+00,1.175000000000000000e+01,8.012431545584070343e-47,1.168281938067275485e-47
9.655172413793103203e+00,1.175000000000000000e+01,2.061769116223810897e-46,2.997890142804269349e-47
1.017241379310344840e+01,1.175000000000000000e+01,4.393610532329400185e-46,6.373731263871644572e-47
1.068965517241379359e+01,1.175000000000000000e+01,8.004303640070732680e-46,1.159032668319604018e-46
1.120689655172413879e+01,1.175000000000000000e+01,1.280260775179125953e-45,1.851318093198424125e-46
1.172413793103448398e+01,1.175000000000000000e+01,1.838932664656242542e-45,2.656951249454309913e-46
1.224137931034482918e+01,1.175000000000000000e+01,2.418729662496403028e-45,3.493690886055912113e-46
1.275862068965517260e+01,1.175000000000000000e+01,2.962924339222723268e-45,4.281182675992913277e-46
1.327586206896551779e+01,1.175000000000000000e+01,3.430651647098560811e-45,4.961968754719875246e-46
1.379310344827586299e+01,1.175000000000000000e+01,3.802798536793747824e-45,5.509585430500803864e-46
1.431034482758620818e+01,1.175000000000000000e+01,4.079616576572219718e-45,5.924921988472774201e-46
1.482758620689655160e+01,1.175000000000000000e+01,4.273941746516375120e-45,6.226455433929595136e-46
1.534482758620689680e+01,1.175000000000000000e+01,4.403959595657646457e-45,6.439962848582214690e-46
1.586206896551724199e+01,1.175000000000000000e+01,4.487834541884906358e-45,6.590960565513495495e-46
1.637931034482758719e+01,1.175000000000000000e+01,4.540794758848513710e-45,6.700657714129714644e-46
1.689655172413793238e+01,1.175000000000000000e+01,4.574209411715173285e-45,6.784730060737678255e-46
1.741379310344827758e+01,1.175000000000000000e+01,4.595860697454849586e-45,6.853765968887698923e-46
1.793103448275861922e+01,1.175000000000000000e+01,4.610717941106865655e-45,6.914399755788351634e-46
1.844827586206896797e+01,1.175000000000000000e+01,4.621775649852216736e-45,6.970515758078842088e-46
1.896551724137930961e+01,1.175000000000000000e+01,4.630747871040671144e-45,7.024236542030285670e-46
1.948275862068965836e+01,1.175000000000000000e+01,4.638574947443782217e-45,7.076640124367851188e-46
2.000000000000000000e+01,1.175000000000000000e+01,4.645754676941030040e-45,7.128222064671246780e-46
5.000000000000000000e+00,1.225000000000000000e+01,0.000000000000000000e+00,0.000000000000000000e+00
5.517241379310345195e+00,1.225000000000000000e+01,0.000000000000000000e+00,0.000000000000000000e+00
6.034482758620689502e+00,1.225000000000000000e+01,0.000000000000000000e+00,0.000000000000000000e+00
6.551724137931034697e+00,1.225000000000000000e+01,0.000000000000000000e+00,0.000000000000000000e+00
7.068965517241379004e+00,1.225000000000000000e+01,0.000000000000000000e+00,0.000000000000000000e+00
7.586206896551724199e+00,1.225000000000000000e+01,2.103424228111981493e-49,3.102163271583696726e-50
8.103448275862069394e+00,1.225000000000000000e+01,1.578941785670427869e-48,2.318292732387214830e-49
8.620689655172414589e+00,1.225000000000000000e+01,8.215671685362213563e-48,1.201609983513098143e-48
9.137931034482758008e+00,1.225000000000000000e+01,3.163650664627157208e-47,4.611578008299410185e-48
9.655172413793103203e+00,1.225000000000000000e+01,9.493930325184116896e-47,1.379901991147002544e-47
1.017241379310344840e+01,1.225000000000000000e+01,2.314484800658720787e-46,3.355714960106388377e-47
1.068965517241379359e+01,1.225000000000000000e+01,4.742049418897218426e-46,6.861311758001660767e-47
1.120689655172413879e+01,1.225000000000000000e+01,8.399498340513014272e-46,1.213355883462410344e-46
1.172413793103448398e+01,1.225000000000000000e+01,1.317327843330338689e-45,1.900703002052100760e-46
1.224137931034482918e+01,1.225000000000000000e+01,1.867228605571585092e-45,2.692213810411165611e-46
1.275862068965517260e+01,1.225000000000000000e+01,2.435064484064509446e-45,3.510260961045005632e-46
1.327586206896551779e+01,1.225000000000000000e+01,2.967712579890780967e-45,4.279710838018383185e-46
1.379310344827586299e+01,1.225000000000000000e+01,3.426808923829818054e-45,4.946677276816890110e-46
1.431034482758620818e+01,1.225000000000000000e+01,3.794076247684178387e-45,5.485850016252111144e-46
1.482758620689655160e+01,1.225000000000000000e+01,4.069275418319883426e-45,5.897373407728485135e-46
1.534482758620689680e+01,1.225000000000000000e+01,4.264129162107082464e-45,6.198107666417502147e-46
1.586206896551724199e+01,1.225000000000000000e+01,4.395694447278699118e-45,6.412213142555877781e-46
1.637931034482758719e+01,1.225000000000000000e+01,4.481312656964289658e-45,6.564042578511217981e-46
1.689655172413793238e+01,1.225000000000000000e+01,4.535758087507292698e-45,6.674177520574513932e-46
1.741379310344827758e+01,1.225000000000000000e+01,4.570236353859758533e-45,6.758082944928518654e-46
1.793103448275861922e+01,1.225000000000000000e+01,4.592539050164496601e-45,6.826381597419185284e-46
1.844827586206896797e+01,1.225000000000000000e+01,4.607720131886294612e-45,6.885846128462505655e-46
1.896551724137930961e+01,1.225000000000000000e+01,4.618873975382655485e-45,6.940517829020366777e-46
1.948275862068965836e+01,1.225000000000000000e+01,4.627802208566314353e-45,6.992654708175045192e-46
2.000000000000000000e+01,1.225000000000000000e+01,4.635504898782953519e-45,7.043424766919373513e-46
5.000000000000000000e+00,1.275000000000000000e+01,0.000000000000000000e+00,0.000000000000000000e+00
5.517241379310345195e+00,1.275000000000000000e+01,0.000000000000000000e+00,0.000000000000000000e+00
6.034482758620689502e+00,1.275000000000000000e+01,0.000000000000000000e+00,0.000000000000000000e+00
6.551724137931034697e+00,1.275000000000000000e+01,0.000000000000000000e+00,0.000000000000000000e+00
7.068965517241379004e+00,1.275000000000000000e+01,0.000000000000000000e+00,0.000000000000000000e+00
7.586206896551724199e+00,1.275000000000000000e+01,0.000000000000000000e+00,0.000000000000000000e+00
8.103448275862069394e+00,1.275000000000000000e+01,3.740681894114003431e-49,5.491799967895201934e-50
8.620689655172414589e+00,1.275000000000000000e+01,2.405131551481524225e-48,3.517223158144307965e-49
9.137931034482758008e+00,1.275000000000000000e+01,1.114526918990131256e-47,1.624292141514371722e-48
9.655172413793103203e+00,1.275000000000000000e+01,3.935026089805696141e-47,5.717748423930927259e-48
1.017241379310344840e+01,1.275000000000000000e+01,1.106767630104522956e-46,1.604031664542104418e-47
1.068965517241379359e+01,1.275000000000000000e+01,2.571455067810139243e-46,3.718608786135228181e-47
1.120689655172413879e+01,1.275000000000000000e+01,5.085873209141853696e-46,7.341339971758982156e-47
1.172413793103448398e+01,1.275000000000000000e+01,8.782024283509264288e-46,1.265841112421756014e-46
1.224137931034482918e+01,1.275000000000000000e+01,1.352834725025942700e-45,1.947958422601312398e-46
1.275862068965517260e+01,1.275000000000000000e+01,1.894268687319148958e-45,2.725943817717057817e-46
1.327586206896551779e+01,1.275000000000000000e+01,2.450796766241097824e-45,3.526399475398398949e-46
1.379310344827586299e+01,1.275000000000000000e+01,2.972550880707925556e-45,4.278894295419898894e-46
1.431034482758620818e+01,1.275000000000000000e+01,3.423435102476088742e-45,4.932776267996556571e-46
1.482758620689655160e+01,1.275000000000000000e+01,3.785960116437129512e-45,5.463824641524988564e-46
1.534482758620689680e+01,1.275000000000000000e+01,4.059476641145096336e-45,5.871560670722715109e-46
1.586206896551724199e+01,1.275000000000000000e+01,4.254710565334036200e-45,6.171398950702699080e-46
1.637931034482758719e+01,1.275000000000000000e+01,4.387679265310742583e-45,6.386012001877842773e-46
1.689655172413793238e+01,1.275000000000000000e+01,4.474943579503282411e-45,6.538649046044767568e-46
1.741379310344827758e+01,1.275000000000000000e+01,4.530829674455577937e-45,6.649270433844435522e-46
1.793103448275861922e+01,1.275000000000000000e+01,4.566366897128246955e-45,6.733110128290652351e-46
1.844827586206896797e+01,1.275000000000000000e+01,4.589339454418202641e-45,6.800799479830767868e-46
1.896551724137930961e+01,1.275000000000000000e+01,4.604872183211406304e-45,6.859228432567475693e-46
1.948275862068965836e+01,1.275000000000000000e+01,4.616149331786677279e-45,6.912579228186412239e-46
2.000000000000000000e+01,1.275000000000000000e+01,4.625056032049192971e-45,6.963240119528130994e-46
5.000000000000000000e+00,1.325000000000000000e+01,0.000000000000000000e+00,0.000000000000000000e+00
5.517241379310345195e+00,1.325000000000000000e+01,0.000000000000000000e+00,0.000000000000000000e+00
6.034482758620689502e+00,1.325000000000000000e+01,0.000000000000000000e+00,0.000000000000000000e+00
6.551724137931034697e+00,1.325000000000000000e+01,0.000000000000000000e+00,0.000000000000000000e+00
7.068965517241379004e+00,1.325000000000000000e+01,0.000000000000000000e+00,0.000000000000000000e+00
7.586206896551724199e+00,1.325000000000000000e+01,0.000000000000000000e+00,0.000000000000000000e+00
8.103448275862069394e+00,1.325000000000000000e+01,0.000000000000000000e+00,0.000000000000000000e+00
8.620689655172414589e+00,1.325000000000000000e+01,6.214599184435840759e-49,9.087243811708204529e-50
9.137931034482758008e+00,1.325000000000000000e+01,3.496921976900763169e-48,5.095615888591221864e-49
9.655172413793103203e+00,1.325000000000000000e+01,1.464878293426258218e-47,2.128083395134735719e-48
1.017241379310344840e+01,1.325000000000000000e+01,4.791743593177864536e-47,6.942620631697556766e-48
1.068965517241379359e+01,1.325000000000000000e+01,1.272338192533124370e-46,1.839202962058849951e-47
1.120689655172413879e+01,1.325000000000000000e+01,2.831507256022010349e-46,4.084983155107971134e-47
1.172413793103448398e+01,1.325000000000000000e+01,5.424603255240706877e-46,7.813283425188614263e-47
1.224137931034482918e+01,1.325000000000000000e+01,9.152431873619179276e-46,1.316579670508926786e-46
1.275862068965517260e+01,1.325000000000000000e+01,1.386898303874770343e-45,1.993250777414232908e-46
1.327586206896551779e+01,1.325000000000000000e+01,1.920159333042078942e-45,2.758272402365876401e-46
1.379310344827586299e+01,1.325000000000000000e+01,2.465974998202758622e-45,3.542132987196081501e-46
1.431034482758620818e+01,1.325000000000000000e+01,2.977427646082469744e-45,4.278654437599435139e-46
1.482758620689655160e+01,1.325000000000000000e+01,3.420485464008008468e-45,4.920124031021016123e-46
1.534482758620689680e+01,1.325000000000000000e+01,3.778401943681895703e-45,5.443349615149719415e-46
1.586206896551724199e+01,1.325000000000000000e+01,4.050185239233460708e-45,5.847331355926543762e-46
1.637931034482758719e+01,1.325000000000000000e+01,4.245666582168033257e-45,6.146188161722496710e-46
1.689655172413793238e+01,1.325000000000000000e+01,4.379904781153416549e-45,6.361221944800720255e-46
1.741379310344827758e+01,1.325000000000000000e+01,4.468721163009142545e-45,6.514636505422436185e-46
1.793103448275861922e+01,1.325000000000000000e+01,4.526001526918125922e-45,6.625780537448167649e-46
1.844827586206896797e+01,1.325000000000000000e+01,4.562588906781674802e-45,6.709640871139228727e-46
1.896551724137930961e+01,1.325000000000000000e+01,4.586245382853633556e-45,6.776834859423673694e-46
1.948275862068965836e+01,1.325000000000000000e+01,4.602153521352958889e-45,6.834349846710878294e-46
2.000000000000000000e+01,1.325000000000000000e+01,4.613581687789793349e-45,6.886499690470870480e-46
5.000000000000000000e+00,1.375000000000000000e+01,0.000000000000000000e+00,0.000000000000000000e+00
5.517241379310345195e+00,1.375000000000000000e+01,0.000000000000000000e+00,0.000000000000000000e+00
6.034482758620689502e+00,1.375000000000000000e+01,0.000000000000000000e+00,0.000000000000000000e+00
6.551724137931034697e+00,1.375000000000000000e+01,0.000000000000000000e+00,0.000000000000000000e+00
7.068965517241379004e+00,1.375000000000000000e+01,0.000000000000000000e+00,0.000000000000000000e+00
7.586206896551724199e+00,1.375000000000000000e+01,0.000000000000000000e+00,0.000000000000000000e+00
8.103448275862069394e+00,1.375000000000000000e+01,0.000000000000000000e+00,0.000000000000000000e+00
8.620689655172414589e+00,1.375000000000000000e+01,0.000000000000000000e+00,0.000000000000000000e+00
9.137931034482758008e+00,1.375000000000000000e+01,9.757546842347099011e-49,1.421693907930408052e-49
9.655172413793103203e+00,1.375000000000000000e+01,4.889331469272191867e-48,7.101839075944855544e-49
1.017241379310344840e+01,1.375000000000000000e+01,1.874373527905336027e-47,2.715147088115969496e-48
1.068965517241379359e+01,1.375000000000000000e+01,5.729890500728263465e-47,8.280288316276954171e-48
1.120689655172413879e+01,1.375000000000000000e+01,1.445129906979180552e-46,2.084036130145728307e-47
1.172413793103448398e+01,1.375000000000000000e+01,3.093636510213986494e-46,4.453487698026087717e-47
1.224137931034482918e+01,1.375000000000000000e+01,5.757898140619990278e-46,8.276786367263180912e-47
1.275862068965517260e+01,1.375000000000000000e+01,9.511268830389756996e-46,1.365660008428984055e-46
1.327586206896551779e+01,1.375000000000000000e+01,1.419623754799249281e-45,2.036728819375405812e-46
1.379310344827586299e+01,1.375000000000000000e+01,1.944994376765289820e-45,2.789314857191057378e-46
1.431034482758620818e+01,1.375000000000000000e+01,2.480642011513295681e-45,3.557485576654543739e-46
1.482758620689655160e+01,1.375000000000000000e+01,2.982333113984315331e-45,4.278923828565359635e-46
1.534482758620689680e+01,1.375000000000000000e+01,3.417920664138925437e-45,4.908597311101481881e-46
1.586206896551724199e+01,1.375000000000000000e+01,3.771358520562164136e-45,5.424284798938326701e-46
1.637931034482758719e+01,1.375000000000000000e+01,4.041369166263401183e-45,5.824551082824805012e-46
1.689655172413793238e+01,1.375000000000000000e+01,4.236979104340408294e-45,6.122351090154455329e-46
1.741379310344827758e+01,1.375000000000000000e+01,4.372362374135224385e-45,6.337722768400687907e-46
1.793103448275861922e+01,1.375000000000000000e+01,4.462640190321526539e-45,6.491880343327374650e-46
1.844827586206896797e+01,1.375000000000000000e+01,4.521267297907681335e-45,6.603572823352202840e-46
1.896551724137930961e+01,1.375000000000000000e+01,4.558892629425301068e-45,6.687527229960524993e-46
1.948275862068965836e+01,1.375000000000000000e+01,4.583242387344325511e-45,6.754325478315892920e-46
2.000000000000000000e+01,1.375000000000000000e+01,4.599547206285499456e-45,6.811038526397058937e-46
5.000000000000000000e+00,1.450000000000000000e+01,0.000000000000000000e+00,0.000000000000000000e+00
5.517241379310345195e+00,1.450000000000000000e+01,0.000000000000000000e+00,0.000000000000000000e+00
6.034482758620689502e+00,1.450000000000000000e+01,0.000000000000000000e+00,0.000000000000000000e+00
6.551724137931034697e+00,1.450000000000000000e+01,0.000000000000000000e+00,0.000000000000000000e+00
7.068965517241379004e+00,1.450000000000000000e+01,0.000000000000000000e+00,0.000000000000000000e+00
7.586206896551724199e+00,1.450000000000000000e+01,0.000000000000000000e+00,0.000000000000000000e+00
8.103448275862069394e+00,1.450000000000000000e+01,0.000000000000000000e+00,0.000000000000000000e+00
8.620689655172414589e+00,1.450000000000000000e+01,0.000000000000000000e+00,0.000000000000000000e+00
9.137931034482758008e+00,1.450000000000000000e+01,0.000000000000000000e+00,0.000000000000000000e+00
9.655172413793103203e+00,1.450000000000000000e+01,7.659871857847995542e-49,1.112437996664382722e-49
1.017241379310344840e+01,1.450000000000000000e+01,3.777397985670829074e-48,5.470596267347737691e-49
1.068965517241379359e+01,1.450000000000000000e+01,1.445231990464489460e-47,2.087875093643167531e-48
1.120689655172413879e+01,1.450000000000000000e+01,4.453426026703577614e-47,6.419663484317336534e-48
1.172413793103448398e+01,1.450000000000000000e+01,1.140097777890099313e-46,1.640325381758108845e-47
1.224137931034482918e+01,1.450000000000000000e+01,2.488951743663500618e-46,3.575112762770828218e-47
1.275862068965517260e+01,1.450000000000000000e+01,4.737774083220778694e-46,6.795930649393898466e-47
1.327586206896551779e+01,1.450000000000000000e+01,8.015869076971553023e-46,1.148541788022351662e-46
1.379310344827586299e+01,1.450000000000000000e+01,1.225834577594872267e-45,1.755003769824156777e-46
1.431034482758620818e+01,1.450000000000000000e+01,1.719749531408050412e-45,2.460943137711634860e-46
1.482758620689655160e+01,1.450000000000000000e+01,2.242917571207258480e-45,3.209187002146221139e-46
1.534482758620689680e+01,1.450000000000000000e+01,2.752092326795012297e-45,3.938784986754341066e-46
1.586206896551724199e+01,1.450000000000000000e+01,3.211383659460850913e-45,4.599375180972380292e-46
1.637931034482758719e+01,1.450000000000000000e+01,3.598331344766080585e-45,5.159655871060383772e-46
1.689655172413793238e+01,1.450000000000000000e+01,3.904952820999131932e-45,5.608738313874700211e-46
1.741379310344827758e+01,1.450000000000000000e+01,4.134993183768974217e-45,5.952167727284698563e-46
1.793103448275861922e+01,1.450000000000000000e+01,4.299470404718417367e-45,6.205591048623605033e-46
1.844827586206896797e+01,1.450000000000000000e+01,4.412340676051835806e-45,6.388643623096525978e-46
1.896551724137930961e+01,1.450000000000000000e+01,4.487310544873964790e-45,6.520485372683944588e-46
1.948275862068965836e+01,1.450000000000000000e+01,4.536043986640921620e-45,6.617316434185331848e-46
2.000000000000000000e+01,1.450000000000000000e+01,4.567525186661497320e-45,6.691520169695388920e-46
5.000000000000000000e+00,1.550000000000000000e+01,0.000000000000000000e+00,0.000000000000000000e+00
5.517241379310345195e+00,1.550000000000000000e+01,0.000000000000000000e+00,0.000000000000000000e+00
6.034482758620689502e+00,1.550000000000000000e+01,0.000000000000000000e+00,0.000000000000000000e+00
6.551724137931034697e+00,1.550000000000000000e+01,0.000000000000000000e+00,0.000000000000000000e+00
7.068965517241379004e+00,1.550000000000000000e+01,0.000000000000000000e+00,0.000000000000000000e+00
7.586206896551724199e+00,1.550000000000000000e+01,0.000000000000000000e+00,0.000000000000000000e+00
8.103448275862069394e+00,1.550000000000000000e+01,0.000000000000000000e+00,0.000000000000000000e+00
8.620689655172414589e+00,1.550000000000000000e+01,0.000000000000000000e+00,0.000000000000000000e+00
9.137931034482758008e+00,1.550000000000000000e+01,0.000000000000000000e+00,0.000000000000000000e+00
9.655172413793103203e+00,1.550000000000000000e+01,0.000000000000000000e+00,0.000000000000000000e+00
1.017241379310344840e+01,1.550000000000000000e+01,0.000000000000000000e+00,0.000000000000000000e+00
1.068965517241379359e+01,1.550000000000000000e+01,1.630610370000760865e-48,2.355109044134392662e-49
1.120689655172413879e+01,1.550000000000000000e+01,6.709282870965823648e-48,9.668268125156829244e-49
1.172413793103448398e+01,1.550000000000000000e+01,2.227145130042675614e-47,3.202875737594173044e-48
1.224137931034482918e+01,1.550000000000000000e+01,6.141272995869244261e-47,8.815957190928714811e-48
1.275862068965517260e+01,1.550000000000000000e+01,1.441928616186546882e-46,2.066669889978822067e-47
1.327586206896551779e+01,1.550000000000000000e+01,2.944393998250542127e-46,4.214398015383047702e-47
1.379310344827586299e+01,1.550000000000000000e+01,5.325679431546620547e-46,7.614214227001403062e-47
1.431034482758620818e+01,1.550000000000000000e+01,8.670751291546164448e-46,1.238570250851308941e-46
1.482758620689655160e+01,1.550000000000000000e+01,1.288917932285203921e-45,1.839986931772994683e-46
1.534482758620689680e+01,1.550000000000000000e+01,1.771831538191682057e-45,2.528485419416582367e-46
1.586206896551724199e+01,1.550000000000000000e+01,2.278551002809663051e-45,3.251488224640440334e-46
1.637931034482758719e+01,1.550000000000000000e+01,2.770068776809890577e-45,3.954138181804416482e-46
1.689655172413793238e+01,1.550000000000000000e+01,3.214146012441329343e-45,4.591273777788581306e-46
1.741379310344827758e+01,1.550000000000000000e+01,3.590385646511016346e-45,5.134497181399786693e-46
1.793103448275861922e+01,1.550000000000000000e+01,3.891165059850511629e-45,5.573390161104214387e-46
1.844827586206896797e+01,1.550000000000000000e+01,4.119384242426268389e-45,5.912264046648432020e-46
1.896551724137930961e+01,1.550000000000000000e+01,4.284696314726271625e-45,6.164811177438605004e-46
1.948275862068965836e+01,1.550000000000000000e+01,4.399726743811235300e-45,6.348778852403640346e-46
2.000000000000000000e+01,1.550000000000000000e+01,4.477184178365828046e-45,6.481924973538188393e-46
