E,flux_spectrum,lambda_B,lambda_hep
0.018784,0.011625364000000001,0.0,1.4753e-06
0.037567,0.046410836,0.0,5.8897e-06
0.056351,0.10422088,0.0,1.3226e-05
0.075135,0.18491996,0.0,2.3467e-05
0.093919,0.2883686,0.0,3.6595e-05
0.1127,1489.9601907199997,0.00028372299999999994,5.2594e-05
0.13149,2031.6835194799999,0.00038688009999999996,7.1446e-05
0.15027,2573.1409787999996,0.0004899822999999999,9.3135e-05
0.16905,3114.6206282,0.0005930845,0.00011764
0.18784,3656.410606,0.0006962416,0.00014495
0.20662,4267.791893999999,0.0008126499999999999,0.00017505
0.2254,5007.5133307999995,0.0009534999999999998,0.00020791
0.24419,5747.650266399999,0.0010944249999999998,0.00024353
0.26297,6487.414964399998,0.0012352749999999997,0.00028188
0.28176,7227.5947672,0.0013762,0.00032294
0.30054,7974.319574799998,0.0015183675999999996,0.00036671
0.31932,8954.719900799999,0.0017050407999999997,0.00041316
0.33811,9935.6631952,0.0018918134000000001,0.00046229
0.35689,10916.105442799999,0.0020784866,0.00051406
0.37567,11896.5684148,0.0022651598,0.00056846
0.39446,12877.573961199998,0.0024519323999999997,0.00062549
0.41324,14040.1942668,0.0026732944,0.00068511
0.43203,15279.697081600001,0.0029092968000000003,0.00074732
0.45081,16518.560669199996,0.0031451735999999996,0.00081209
0.46959,17757.444429600004,0.0033810504,0.00087942
0.48838,18997.007605199997,0.0036170527999999993,0.00094929
0.50716,20318.629396000004,0.0038686816000000008,0.0010217
0.52594,21774.481807999997,0.004145874399999999,0.0010966
0.54473,23231.128032,0.0044232148,0.0011739
0.56351,24687.019844,0.0047004075999999995,0.0012538
0.5823,26143.705468000004,0.004977748000000001,0.0013361
0.60108,27610.918403999996,0.005257089999999999,0.0014208
0.61986,29263.071002,0.005571655,0.0015079
0.63865,30916.122675000006,0.005886387500000001,0.0015975
0.65743,32568.313097,0.0062009525,0.0016894
0.67621,34220.522431,0.0065155175,0.0017837
0.695,35873.630052,0.0068302499999999995,0.0018804
0.71378,37658.26777200001,0.0071700324,0.0019794
0.73257,39491.93735400001,0.0075191506000000016,0.0020808
0.75135,41324.648821999996,0.007868083,0.0021844
0.77013,43157.379202,0.0082170154,0.0022904
0.78892,44991.102368,0.0085661336,0.0023986
0.8077,46891.78142,0.008928001999999999,0.002509
0.82648,48890.204983999996,0.009308484799999999,0.0026218
0.84527,50889.708746000004,0.0096891702,0.0027367
0.86405,52888.166981999995,0.010069653,0.0028539
0.88284,54887.70541599999,0.010450338399999998,0.0029732
0.90162,56899.12592400001,0.0108332836,0.0030948
0.9204,59047.499780000006,0.011242312,0.0032185
0.93919,61197.03363400001,0.0116515582,0.0033443
0.95797,63345.44137400001,0.012060586600000001,0.0034723
0.97675,65493.86566200001,0.012469615000000002,0.0036024
0.99554,67643.44994800001,0.012878861200000001,0.0037346
1.0143,69893.22472000001,0.013307188000000001,0.003869
1.0331,72180.19076399998,0.013742595999999998,0.0040053
1.0519,74467.174144,0.014178004000000001,0.0041438
1.0707,76754.172496,0.014613412,0.0042842
1.0895,79041.18739599998,0.015048819999999996,0.0044267
1.1082,81370.732556,0.015492326,0.0045712
1.127,83783.12797599999,0.015951609999999998,0.0047177
1.1458,86195.539156,0.016410894,0.0048662
1.1646,88607.96609600002,0.016870178000000003,0.0050167
1.1834,91020.408008,0.017329462,0.0051691
1.2022,93446.031892,0.017791254,0.0053234
1.2209,95957.59828600004,0.018269413000000005,0.0054797
1.2397,98482.60311400001,0.018750129,0.0056378
1.2585,101007.623702,0.019230845,0.0057979
1.2773,103532.65847400003,0.019711561000000002,0.0059598
1.2961,106057.70821800001,0.020192277,0.0061236
1.3149,108661.779396,0.020688042,0.0062892
1.3336,111272.59079599999,0.021185087999999998,0.0064567
1.3524,113897.37088000002,0.021684792,0.006626
1.3712,116522.16514799999,0.022184495999999998,0.0067971
1.39,119146.97281199999,0.022684199999999998,0.0069699
1.4088,121813.83666000002,0.023191912000000002,0.0071445
1.4276,124528.489692,0.023708724,0.0073209
1.4463,127228.724658,0.024222787,0.0074991
1.4651,129943.40448200003,0.024739599000000004,0.0076789
1.4839,132658.09849,0.025256411000000003,0.0078605
1.5027,135384.145106,0.025775383000000002,0.0080437
1.5215,138177.825906,0.026307235000000005,0.0082287
1.5403,140971.519314,0.026839087,0.0084153
1.559,143750.37308,0.027368109999999998,0.0086035
1.5778,146544.09249200003,0.027899962,0.0087934
1.5966,149337.82529999997,0.028431813999999996,0.008985
1.6154,152188.16492799998,0.028974445999999994,0.0091781
1.6342,155051.012164,0.029519458,0.0093728
1.653,157913.87200799998,0.030064469999999996,0.0095691
1.6718,160776.74446,0.030609481999999997,0.009767
1.6905,163624.40976999997,0.031151594999999994,0.0099665
1.7093,166516.59771,0.031702187,0.010167
1.7281,169438.73035,0.032258479,0.01037
1.7469,172360.87086999996,0.03281477099999999,0.010574
1.7657,175283.01927,0.033371063,0.010779
1.7845,178205.18342999998,0.033927355,0.010986
1.8032,181120.22859999997,0.03448228799999999,0.011195
1.822,184091.7664,0.03504798,0.011405
1.8408,187063.31208,0.035613672,0.011616
1.8596,190034.87352,0.036179364,0.011829
1.8784,193006.44284000003,0.036745056000000005,0.012043
1.8972,195978.02792000002,0.037310748000000005,0.012259
1.9159,198969.71788,0.037880268,0.012476
1.9347,201983.75972000003,0.03845404400000001,0.012694
1.9535,204997.81732000003,0.039027820000000005,0.012914
1.9723,208011.88280000002,0.039601596,0.013135
1.9911,211025.95616000003,0.04017537200000001,0.013357
2.0099,214056.67728,0.040752316000000004,0.013581
2.0286,217086.16728,0.041329024,0.013806
2.0474,220131.85616000002,0.041908816,0.014032
2.0662,223177.55292,0.042488608,0.014259
2.085,226223.26544000002,0.0430684,0.014488
2.1038,229273.97334000003,0.043649142,0.014718
2.1226,232344.37661999997,0.044233633999999994,0.014949
2.1413,235398.47341,0.044815017000000006,0.015182
2.1601,238468.90032999995,0.04539950899999999,0.015416
2.1789,241539.32724999997,0.045984001,0.01565
2.1977,244609.76993,0.046568493,0.015886
2.2165,247695.82086999997,0.04715595499999999,0.016124
2.2353,250784.04531,0.047743831,0.016362
2.254,253855.86876,0.04832858,0.016602
2.2728,256944.10896000007,0.04891645600000001,0.016842
2.2916,260032.36492000002,0.049504332000000005,0.017084
2.3104,263125.54276000004,0.05009314400000001,0.017327
2.3292,266222.6974800001,0.05068271200000001,0.017571
2.348,269319.86008,0.05127228,0.017816
2.3668,272417.03056,0.051861848,0.018062
2.3855,275497.74491999997,0.05244828,0.018309
2.4043,278595.38266,0.053037934,0.018557
2.4231,281694.55078,0.053627878,0.018806
2.4419,284793.72677999997,0.054217822,0.019056
2.4607,287892.91854000004,0.054807766,0.019308
2.4795,290992.11029999994,0.05539770999999999,0.01956
2.4982,294074.83544,0.055984516,0.019813
2.517,297169.58045999997,0.05657360999999999,0.020067
2.5358,300263.86085999996,0.057162613999999994,0.020322
2.5546,303358.14914,0.057751618,0.020578
2.5734,306452.44529999996,0.058340621999999995,0.020835
2.5922,309546.74934,0.058929626,0.021093
2.6109,312618.31038,0.05951429799999999,0.021351
2.6297,315701.77317999996,0.060101233999999996,0.021611
2.6485,318785.2359799999,0.060688169999999986,0.021871
2.6673,321868.71454,0.061275105999999996,0.022133
2.6861,324952.1931,0.061862042,0.022395
2.7049,328031.3062899999,0.06244814499999999,0.022658
2.7236,331081.71248,0.06302877999999999,0.022921
2.7424,334148.43568,0.06361251999999999,0.023186
2.7612,337215.15888000006,0.06419626,0.023451
2.78,340281.89784,0.06478,0.023718
2.7988,343348.62892,0.06536374,0.023984
2.8176,346393.19976000005,0.065943256,0.024252
2.8363,349420.09123,0.066519403,0.024521
2.8551,352463.15795,0.067098631,0.02479
2.8739,355506.23255,0.067677859,0.02506
2.8927,358549.30715000007,0.06825708700000001,0.02533
2.9115,361574.27713,0.06883286500000001,0.025601
2.9303,364587.75748999993,0.06940645299999999,0.025873
2.949,367585.22798,0.06997699,0.026146
2.9678,370598.71622,0.070550578,0.026419
2.9866,373612.21234,0.071124166,0.026693
3.0054,376615.79383999994,0.071695864,0.026968
3.0242,379594.75284000003,0.072262872,0.027243
3.043,382573.71972,0.07282988,0.027519
3.0617,385536.8526,0.073393872,0.027795
3.0805,388515.82735999994,0.07396087999999999,0.028072
3.0993,391494.81,0.074527888,0.02835
3.1181,394436.73289,0.075087837,0.028628
3.1369,397377.22252999997,0.07564751299999999,0.028906
3.1557,400317.72792999994,0.076207189,0.029186
3.1745,403258.22545,0.076766865,0.029465
3.1932,406183.10948,0.077323564,0.029746
3.212,409094.00488,0.0778776,0.030026
3.2308,411988.13703999994,0.07842843999999999,0.030308
3.2496,414882.26132,0.07897928,0.030589
3.2684,417776.4013600001,0.07953012000000001,0.030872
3.2872,420670.53352000006,0.08008096,0.031154
3.3059,423534.12119,0.080625979,0.031438
3.3247,426379.89823,0.081167607,0.031721
3.3435,429225.68315,0.081709235,0.032005
3.3623,432071.46807000006,0.08225086300000001,0.032289
3.3811,434917.26087000006,0.08279249100000001,0.032574
3.3999,437763.05367000005,0.08333411900000001,0.032859
3.4186,440540.9981000001,0.08386282200000002,0.033145
3.4374,443333.50078000006,0.084394298,0.033431
3.4562,446126.00346000004,0.08492577400000001,0.033717
3.475,448918.51402000006,0.08545725000000001,0.034004
3.4938,451711.02458,0.085988726,0.034291
3.5126,454463.84514,0.086512642,0.034578
3.5313,457182.61682999996,0.087030071,0.034866
3.5501,459915.91527,0.087550267,0.035154
3.5689,462649.21371,0.088070463,0.035442
3.5877,465382.5200299999,0.08859065899999999,0.035731
3.6065,468094.31971999997,0.08910676,0.036019
3.6253,470765.44503999996,0.089615112,0.036308
3.644,473422.38224000006,0.09012076000000001,0.036598
3.6628,476093.50756,0.090629112,0.036887
3.6816,478764.64076,0.091137464,0.037177
3.7004,481434.36696,0.09164554800000001,0.037467
3.7192,484039.37116000004,0.09214130400000001,0.037757
3.738,486644.37536000006,0.09263706000000001,0.038047
3.7567,489235.54319,0.09313017900000001,0.038338
3.7755,491840.55527000007,0.09362593500000001,0.038629
3.7943,494445.56735,0.09412169100000001,0.03892
3.8131,497002.43693,0.094608277,0.039211
3.8319,499538.35901,0.095090873,0.039502
3.8507,502074.28109,0.095573469,0.039793
3.8694,504596.7343,0.096053498,0.040085
3.8882,507132.65637999994,0.09653609399999999,0.040376
3.907,509641.0238399999,0.09701343999999999,0.040668
3.9258,512102.92880000005,0.097481936,0.04096
3.9446,514564.8258799999,0.09795043199999999,0.041251
3.9634,517026.73084000003,0.098418928,0.041543
3.9822,519488.63580000005,0.098887424,0.041835
4.0009,521933.81951,0.099352735,0.042127
4.0197,524319.7254700001,0.09980675500000001,0.042419
4.0385,526705.63143,0.100260775,0.042711
4.0573,529091.54527,0.100714795,0.043004
4.0761,531477.45123,0.10116881500000001,0.043296
4.0949,533863.3571899999,0.101622835,0.043588
4.1136,536179.4643999999,0.10206356,0.04388
4.1324,538486.41036,0.10250253999999999,0.044172
4.1512,540793.3563200001,0.10294152000000001,0.044464
4.17,543100.30228,0.1033805,0.044756
4.1888,545407.2482399999,0.10381947999999999,0.045048
4.2076,547680.6782000001,0.10425207600000001,0.04534
4.2263,549892.89841,0.10467301300000001,0.045632
4.2451,552116.92849,0.105096201,0.045923
4.2639,554340.96645,0.10551938899999999,0.046215
4.2827,556565.00441,0.10594257700000001,0.046507
4.3015,558782.26199,0.106364475,0.046798
4.3203,560921.41007,0.106771495,0.047089
4.339,563049.19978,0.10717635,0.047381
4.3578,565188.34786,0.10758337,0.047672
4.3766,567327.4959399999,0.10799038999999999,0.047963
4.3954,569466.63614,0.10839741,0.048253
4.4142,571540.18022,0.10879193399999999,0.048544
4.433,573592.4644199999,0.10918240999999998,0.048834
4.4517,575633.8522499999,0.10957080899999999,0.049125
4.4705,577686.13645,0.10996128499999999,0.049415
4.4893,579738.4206499999,0.11035176099999999,0.049705
4.5081,581751.9992199999,0.11073486599999999,0.049994
4.5269,583714.46642,0.111108234,0.050284
4.5457,585676.92574,0.111481602,0.050573
4.5644,587628.9585599999,0.111852984,0.050862
4.5832,589591.41788,0.112226352,0.051151
4.602,591543.9993200002,0.11259784000000002,0.051439
4.6208,593413.67276,0.11295353600000001,0.051727
4.6396,595283.3462,0.113309232,0.052015
4.6584,597153.0196400001,0.11366492800000001,0.052303
4.6771,599012.7522,0.114018732,0.05259
4.6959,600882.41776,0.114374428,0.052877
4.7147,602679.53882,0.11471630599999999,0.053164
4.7335,604456.4185,0.11505433000000001,0.05345
4.7523,606233.2981799999,0.115392354,0.053736
4.7711,608010.17786,0.115730378,0.054022
4.7899,609787.04966,0.11606840200000001,0.054307
4.8086,611510.6864600001,0.11639628600000002,0.054592
4.8274,613191.81926,0.116716074,0.054877
4.8462,614872.94418,0.11703586199999999,0.055161
4.865,616554.0691,0.11735565,0.055445
4.8838,618235.1940199999,0.117675438,0.055729
4.9026,619902.79756,0.11799265199999999,0.056012
4.9213,621477.7910999999,0.11829222599999999,0.056295
4.9401,623061.1872599999,0.118593402,0.056577
4.9589,624644.5834199999,0.11889457799999999,0.056859
4.9777,626227.9717,0.11919575399999999,0.05714
4.9965,627811.35998,0.11949693,0.057421
5.0153,629315.22651,0.119782959,0.057702
5.034,630793.00316,0.12006402,0.057982
5.0528,632278.67056,0.120346584,0.058262
5.0716,633764.33008,0.120629148,0.058541
5.0904,635249.98172,0.120911712,0.058819
5.1092,636686.37524,0.121184892,0.059098
5.128,638071.345,0.12144828,0.059375
5.1467,639448.96739,0.121710267,0.059653
5.1655,640833.92927,0.12197365499999999,0.059929
5.1843,642218.89115,0.122237043,0.060205
5.2031,643587.0897799999,0.122497238,0.060481
5.2219,644870.38278,0.12274126199999999,0.060756
5.2407,646153.67578,0.122985286,0.061031
5.2594,647430.1464,0.123228012,0.061305
5.2782,648713.42364,0.123472036,0.061578
5.297,649996.7008799999,0.12371605999999999,0.061851
5.3158,651195.36124,0.123943968,0.062123
5.3346,652377.9566,0.12416881599999999,0.062395
5.3534,653560.5440799999,0.12439366399999999,0.062666
5.3721,654736.84468,0.12461731599999999,0.062936
5.3909,655919.4242799999,0.12484216399999999,0.063206
5.4097,657048.5326299999,0.12505682699999998,0.063476
5.4285,658127.46147,0.125261935,0.063744
5.4473,659206.3903099999,0.125467043,0.064012
5.4661,660285.31915,0.125672151,0.06428
5.4848,661358.5044800001,0.125876168,0.064546
5.5036,662417.57256,0.126077496,0.064812
5.5224,663392.85064,0.126262864,0.065078
5.5412,664368.1208400001,0.12644823200000002,0.065343
5.56,665343.38316,0.1266336,0.065607
5.5788,666318.6376,0.126818968,0.06587
5.5976,667293.89204,0.127004336,0.066133
5.6163,668174.1083499999,0.127171603,0.066395
5.6351,669045.7120299999,0.127337231,0.066656
5.6539,669917.31571,0.127502859,0.066917
5.6727,670788.90363,0.127668487,0.067176
5.6915,671660.49943,0.127834115,0.067436
5.7103,672474.21922,0.127988722,0.067694
5.729,673236.12676,0.12813346,0.067952
5.7478,674002.08992,0.128278972,0.068209
5.7666,674768.0452,0.128424484,0.068465
5.7854,675533.9925999999,0.128569996,0.06872
5.8042,676276.567,0.128711056,0.068975
5.823,676937.88452,0.12883664,0.069229
5.8417,677595.68716,0.128961556,0.069482
5.8605,678256.98892,0.12908714,0.069734
5.8793,678918.2827999999,0.129212724,0.069985
5.8981,679579.5766799999,0.12933830799999999,0.070236
5.9169,680147.7014299999,0.12944614699999998,0.070486
5.9357,680705.3445499999,0.12955199099999998,0.070735
5.9544,681260.0240399999,0.129657272,0.070983
5.9732,681817.6592799999,0.12976311599999998,0.071231
5.992,682375.2787599999,0.12986895999999998,0.071477
6.0108,682871.6622399999,0.12996313999999998,0.071723
6.0296,683322.6778399999,0.13004868,0.071968
6.0484,683773.68556,0.13013422,0.072212
6.0671,684222.29665,0.130219305,0.072455
6.0859,684673.28861,0.130304845,0.072697
6.1047,685098.37182,0.13038545,0.072939
6.1235,685445.7130200001,0.13045125000000002,0.073179
6.1423,685793.0542199999,0.13051705,0.073419
6.1611,686140.38754,0.13058285,0.073658
6.1798,686485.8676,0.1306483,0.073895
6.1986,686833.18516,0.1307141,0.074132
6.2174,687083.6638399999,0.130761456,0.074368
6.2362,687326.34364,0.130807328,0.074603
6.255,687569.02344,0.1308532,0.074838
6.2738,687811.6874800001,0.130899072,0.075071
6.2926,688054.34364,0.130944944,0.075303
6.3113,688232.8343,0.130978594,0.075535
6.3301,688370.8526999999,0.131004538,0.075765
6.3489,688508.8632199999,0.131030482,0.075994
6.3677,688646.87374,0.131056426,0.076223
6.3865,688784.8685,0.13108237,0.07645
6.4053,688893.64701,0.131102749,0.076677
6.424,688927.8256399999,0.13110892,0.076903
6.4428,688962.1617599998,0.13111512399999997,0.077127
6.4616,688996.4978799999,0.13112132799999998,0.077351
6.4804,689030.82612,0.131127532,0.077574
6.4992,689065.1385999998,0.13113373599999997,0.077795
6.518,689001.1710799999,0.13112121999999998,0.078016
6.5367,688933.1925499998,0.13110794299999998,0.078235
6.5555,688864.8412699999,0.13109459499999998,0.078454
6.5743,688796.4742299998,0.13108124699999998,0.078671
6.5931,688728.1071899999,0.131067899,0.078888
6.6119,688594.75039,0.13104217499999998,0.079103
6.6307,688423.7195899999,0.13100927499999998,0.079318
6.6494,688253.5917799999,0.13097655,0.079531
6.6682,688082.54522,0.13094365,0.079744
6.687,687911.4829,0.13091075,0.079955
6.7058,687709.3537,0.130871934,0.080165
6.7246,687437.6016200001,0.130819858,0.080374
6.7434,687165.8416599999,0.130767782,0.080582
6.7621,686895.5280699999,0.13071598299999998,0.080789
6.7809,686623.75235,0.130663907,0.080995
6.7997,686351.96875,0.13061183099999998,0.0812
6.8185,685981.1097699999,0.13054088499999997,0.081404
6.8373,685608.6364099999,0.13046963299999997,0.081607
6.8561,685236.1472899999,0.13039838099999998,0.081808
6.8748,684865.6479199999,0.13032750799999998,0.082009
6.8936,684493.1430399999,0.130256256,0.082208
6.9124,684054.8792799999,0.13017247999999998,0.082406
6.9312,683582.6716399998,0.13008224,0.082603
6.95,683110.45612,0.129992,0.082799
6.9688,682638.23272,0.12990176,0.082994
6.9875,682168.52144,0.129812,0.083188
7.0063,681663.8609,0.129715586,0.08338
7.0251,681094.88786,0.129606922,0.083572
7.0439,680525.89906,0.129498258,0.083762
7.0627,679956.90238,0.129389594,0.083951
7.0815,679387.8978200001,0.12928093000000002,0.084139
7.1003,678817.32613,0.129171969,0.084326
7.119,678154.1391800002,0.12904537000000002,0.084511
7.1378,677487.3979800001,0.128918094,0.084696
7.1566,676820.6410200002,0.12879081800000003,0.084879
7.1754,676153.87618,0.12866354200000002,0.085061
7.1942,675487.1034600001,0.12853626600000004,0.085242
7.213,674754.7949800001,0.12839651000000002,0.085421
7.2317,673997.3127500002,0.12825195900000003,0.0856
7.2505,673235.7565100001,0.12810663500000002,0.085777
7.2693,672474.1923900001,0.12796131100000002,0.085953
7.2881,671712.6203899999,0.127815987,0.086128
7.3069,670916.62676,0.127664108,0.086302
7.3257,670061.2661199999,0.127500924,0.086474
7.3444,669210.4545999999,0.127338608,0.086645
7.3632,668355.0782,0.127175424,0.086815
7.382,667499.69392,0.12701224,0.086984
7.4008,666640.3878799999,0.126848312,0.087151
7.4196,665693.19684,0.126667644,0.087318
7.4384,664745.99004,0.126486976,0.087483
7.4571,663803.82061,0.126307269,0.087647
7.4759,662856.5901700001,0.126126601,0.087809
7.4947,661909.3518500001,0.125945933,0.08797
7.5135,660897.6094000001,0.12575298000000001,0.08813
7.5323,659860.53832,0.125555204,0.088289
7.5511,658823.4593600001,0.12535742800000002,0.088447
7.5698,657791.8876400001,0.125160704,0.088603
7.5886,656754.7850400001,0.12496292800000001,0.088758
7.6074,655682.7016799999,0.124758492,0.088911
7.6262,654556.75332,0.124543796,0.089064
7.645,653430.7892,0.12432910000000001,0.089215
7.6638,652304.8172,0.124114404,0.089365
7.6825,651184.82494,0.12390084999999999,0.089513
7.7013,650052.8233,0.12368501,0.08966
7.7201,648839.96378,0.12345376999999999,0.089806
7.7389,647627.09638,0.12322253,0.089951
7.7577,646414.2132199999,0.12299129,0.090094
7.7765,645201.3221799999,0.12276005,0.090236
7.7952,643994.8807600001,0.12253004,0.090377
7.814,642719.49108,0.1222869,0.090516
7.8328,641422.6735200001,0.12203968000000001,0.090654
7.8516,640125.84808,0.12179246,0.090791
7.8704,638829.00688,0.12154524,0.090926
7.8892,637532.1577999999,0.12129802,0.09106
7.908,636200.4408399999,0.12104416,0.091193
7.9267,634828.9944999999,0.120782734,0.091325
7.9455,633450.1929,0.12051991,0.091455
7.9643,632071.3755399999,0.120257086,0.091583
7.9831,630692.5581799999,0.11999426199999999,0.091711
8.0019,629305.54556,0.11972988,0.091837
8.0207,627845.76268,0.11945164,0.091961
8.0394,626393.7497999999,0.11917487999999998,0.092085
8.0582,624933.95116,0.11889664000000001,0.092207
8.077,623474.13676,0.1186184,0.092327
8.0958,622014.32236,0.11834016,0.092447
8.1146,620494.7052000001,0.11805053200000001,0.092565
8.1334,618957.87328,0.117757628,0.092681
8.1521,617429.21298,0.11746628199999999,0.092796
8.1709,615892.3653000001,0.11717337800000001,0.09291
8.1897,614355.5018599998,0.11688047399999998,0.093022
8.2085,612784.7155399999,0.11658110999999997,0.093133
8.2273,611172.8243399999,0.116273918,0.093243
8.2461,609560.91738,0.11596672599999999,0.093351
8.2648,607957.5810400001,0.11566116800000001,0.093458
8.2836,606345.65832,0.11535397600000001,0.093564
8.3024,604724.39584,0.115045008,0.093668
8.3212,603039.4036000001,0.11472390400000002,0.09377
8.34,601354.41136,0.11440280000000001,0.093872
8.3588,599669.40336,0.114081696,0.093972
8.3775,597993.3466000002,0.11376230000000002,0.09407
8.3963,596308.3149600001,0.11344119600000001,0.094167
8.4151,594566.99019,0.113109371,0.094263
8.4339,592811.85791,0.11277491900000002,0.094357
8.4527,591056.71775,0.112440467,0.09445
8.4715,589301.56183,0.11210601499999999,0.094541
8.4902,587555.74566,0.11177334200000001,0.094632
8.509,585767.9635999999,0.11143267999999999,0.09472
8.5278,583944.6731600001,0.11108525600000002,0.094807
8.5466,582121.3748400001,0.11073783200000001,0.094893
8.5654,580298.06864,0.110390408,0.094978
8.5842,578474.7388,0.11004298400000001,0.09506
8.6029,576651.2147099999,0.10969552299999999,0.095142
8.6217,574763.71411,0.10933587899999998,0.095222
8.6405,572876.20563,0.108976235,0.095301
8.6593,570988.6813899999,0.10861659099999998,0.095378
8.6781,569101.1492699998,0.10825694699999996,0.095454
8.6969,567213.60139,0.10789730299999999,0.095528
8.7157,565274.1178799999,0.10752776799999998,0.095601
8.7344,563334.7393599998,0.10715825599999997,0.095672
8.7532,561384.97896,0.106786768,0.095742
8.772,559435.21068,0.10641528,0.095811
8.7908,557485.42664,0.106043792,0.095878
8.8096,555505.89872,0.10566664000000002,0.095944
8.8284,553497.8580400001,0.10528406000000001,0.096008
8.8471,551500.4932300001,0.10490351500000003,0.096071
8.8659,549492.42891,0.10452093500000001,0.096132
8.8847,547484.35671,0.104138355,0.096192
8.9035,545465.6191300001,0.10375374500000002,0.096251
8.9223,543400.27729,0.10336026100000001,0.096308
8.9411,541334.91969,0.102966777,0.096363
8.9598,539280.5503400001,0.102575386,0.096418
8.9786,537215.1690999999,0.10218190199999999,0.09647
8.9974,535149.7799799999,0.10178841799999998,0.096521
9.0162,533038.45598,0.101386186,0.096571
9.035,530919.7452199999,0.10098254999999999,0.096619
9.0538,528801.02658,0.10057891399999998,0.096666
9.0725,526693.56393,0.100177425,0.096711
9.0913,524574.8216499999,0.09977378899999999,0.096755
9.1101,522429.5589900001,0.09936510300000002,0.096798
9.1289,520261.44307000004,0.098952067,0.096839
9.1477,518093.31138999993,0.09853903099999999,0.096878
9.1665,515925.17183000006,0.09812599500000001,0.096916
9.1852,513768.5586399999,0.09771515599999998,0.096953
9.204,511590.5254399998,0.09730023999999997,0.096988
9.2228,509375.95748000004,0.096878368,0.097021
9.2416,507161.38951999997,0.096456496,0.097054
9.2604,504946.7979199999,0.09603462399999999,0.097084
9.2792,502732.1984400001,0.09561275200000002,0.097113
9.2979,500529.37208,0.095193124,0.097141
9.3167,498275.29520999995,0.09476373699999999,0.097167
9.3355,496016.24921000004,0.09433340500000001,0.097192
9.3543,493757.18745,0.093903073,0.097215
9.3731,491498.11780999997,0.09347274099999998,0.097237
9.3919,489239.04029000003,0.093042409,0.097258
9.4106,486969.6963799999,0.09261012599999999,0.097276
9.4294,484671.11522000015,0.09217227400000003,0.097294
9.4482,482372.51830000005,0.09173442200000001,0.09731
9.467,480073.90562,0.09129657,0.097324
9.4858,477775.28506000014,0.09085871800000002,0.097337
9.5046,475467.47962000006,0.090419118,0.097349
9.5234,473131.3294199999,0.08997412199999999,0.097359
9.5421,470807.5902100001,0.08953149300000002,0.097367
9.5609,468471.41637,0.089086497,0.097374
9.5797,466135.23464999994,0.08864150099999998,0.09738
9.5985,463799.03717,0.08819650500000001,0.097384
9.6173,461431.03517999995,0.08774545399999999,0.097386
9.6361,459060.2690599999,0.08729387799999998,0.097387
9.6548,456702.10556,0.086844704,0.097387
9.6736,454331.31579999987,0.08639312799999997,0.097385
9.6924,451960.51816000004,0.085941552,0.097382
9.7112,449572.65275999997,0.085486728,0.097377
9.73,447173.2084799999,0.08502969999999999,0.097371
9.7488,444773.7484400001,0.08457267200000002,0.097363
9.7675,442387.04326999997,0.084118075,0.097354
9.7863,439987.55959,0.083661047,0.097343
9.8051,437580.57103000017,0.08320259100000003,0.097331
9.8239,435153.4277100001,0.08274029900000002,0.097317
9.8427,432726.27651000005,0.082278007,0.097302
9.8615,430299.10955000017,0.08181571500000002,0.097285
9.8802,427884.84446000005,0.081355882,0.097267
9.899,425457.6617400001,0.08089359000000003,0.097248
9.9178,423008.9697600001,0.08042720400000002,0.097227
9.9366,420559.05452,0.079960588,0.097204
9.9554,418109.13140000013,0.07949397200000002,0.09718
9.9742,415659.19252000004,0.079027356,0.097154
9.9929,413222.28413999995,0.07856322199999999,0.097128
10.012,410720.6301199999,0.07808675999999999,0.097099
10.031,408224.6487199999,0.07761137999999998,0.097069
10.049,405860.01444000006,0.07716102000000001,0.097038
10.068,403364.00940000004,0.07668564000000001,0.097005
10.087,400867.99648,0.07621026,0.096971
10.106,398367.2428,0.07573398,0.096935
10.124,395988.37835999986,0.07528091999999997,0.096897
10.143,393477.3714199998,0.07480268999999996,0.096859
10.162,390966.3408399998,0.07432445999999997,0.096818
10.181,388455.31026,0.07384623,0.096777
10.2,385944.26391999994,0.07336799999999999,0.096734
10.218,383552.1143199999,0.07291241999999998,0.096689
10.237,381027.07933999994,0.07243152999999998,0.096643
10.256,378502.02859999996,0.07195064,0.096595
10.275,375976.96998,0.07146975,0.096546
10.293,373584.78098000016,0.07101417000000003,0.096496
10.312,371054.6587200001,0.07053232000000002,0.096444
10.331,368521.5885800001,0.07004991000000002,0.096391
10.35,365988.5026800001,0.06956750000000002,0.096336
10.369,363455.4010200001,0.06908509000000002,0.096279
10.387,361055.59686,0.06862807,0.096222
10.406,358520.89655999996,0.06814535999999999,0.096162
10.425,355982.78375999996,0.06766199999999999,0.096102
10.444,353444.6551999999,0.06717863999999998,0.09604
10.463,350906.51088000013,0.06669528000000002,0.095976
10.481,348501.91868000006,0.06623736000000001,0.095911
10.5,345963.75860000006,0.065754,0.095845
10.519,343424.58526,0.06527045000000001,0.095777
10.538,340885.39616,0.0647869,0.095707
10.556,338479.81956000015,0.06432880000000002,0.095637
10.575,335940.6068200001,0.06384525000000002,0.095564
10.594,333401.39408000006,0.0633617,0.095491
10.613,330864.21307999996,0.06287854,0.095416
10.632,328327.96132,0.062395559999999996,0.095339
10.65,325925.1566799999,0.06193799999999998,0.095261
10.669,323388.88915999985,0.06145501999999997,0.095182
10.688,320852.6058799998,0.060972039999999963,0.095101
10.707,318318.5197199998,0.060489479999999964,0.095019
10.726,315788.1977999998,0.060007639999999966,0.094935
10.744,313391.00800000003,0.059551160000000006,0.09485
10.763,310860.66244000004,0.05906932000000001,0.094763
10.782,308330.30900000007,0.05858748000000001,0.094675
10.801,305800.5251800001,0.05810575000000002,0.094586
10.819,303413.68309999997,0.057651249999999994,0.094495
10.838,300894.2706400002,0.057171500000000035,0.094403
10.857,298374.8424200002,0.056691750000000034,0.094309
10.876,295855.4063200001,0.056212000000000026,0.094214
10.895,293335.96234000014,0.055732250000000025,0.094118
10.913,290958.6201,0.05527957,0.09402
10.932,288453.11747999996,0.054802479999999994,0.093921
10.951,285947.5991,0.054325389999999994,0.09382
10.97,283442.07284,0.05384829999999999,0.093718
10.988,281068.36620000005,0.05339632000000001,0.093615
11.007,278569.4313,0.05292049,0.09351
11.026,276081.82064,0.05244682,0.093403
11.045,273594.20998,0.051973149999999996,0.093296
11.064,271106.5835599999,0.051499479999999986,0.093187
11.082,268749.8238799998,0.05105073999999997,0.093076
11.101,266263.3366999998,0.05057728999999996,0.092965
11.12,263797.61588,0.0501078,0.092851
11.139,261331.89506,0.04963831,0.092737
11.158,258866.15847999995,0.049168819999999995,0.092621
11.176,256530.14151999992,0.04872403999999998,0.092504
11.195,254064.3812999999,0.04825454999999998,0.092385
11.214,251617.72319999986,0.047788699999999976,0.092265
11.233,249177.88221999988,0.04732414999999998,0.092144
11.251,246866.38798000003,0.04688405000000001,0.092021
11.27,244426.52336000008,0.046419500000000016,0.091897
11.289,241986.6429800001,0.04595495000000002,0.091771
11.308,239559.3626000001,0.04549280000000002,0.091645
11.327,237149.38358000008,0.04503395000000002,0.091516
11.345,234866.19206,0.04459925,0.091387
11.364,232456.19727999996,0.044140399999999996,0.091256
11.383,230046.1946200002,0.043681550000000034,0.091124
11.402,227639.64120000016,0.04322336000000003,0.09099
11.421,225262.54028000013,0.04277078000000002,0.090856
11.439,223010.47072000004,0.04234202000000001,0.090719
11.458,220633.34616,0.04188944,0.090582
11.477,218256.20583999998,0.04143686,0.090443
11.496,215879.05763999996,0.04098427999999999,0.090303
11.514,213654.87868000008,0.040560840000000015,0.090161
11.533,211315.61972000005,0.04011548000000001,0.090019
11.552,208976.34500000006,0.03967012000000001,0.089875
11.571,206637.05452000003,0.039224760000000004,0.089729
11.59,204297.75616000002,0.0387794,0.089582
11.608,202098.73779999992,0.03836075999999998,0.089435
11.627,199800.3132999999,0.037923189999999975,0.089285
11.646,197501.88879999984,0.03748561999999997,0.089135
11.665,195203.44854000004,0.037048050000000006,0.088983
11.683,193025.90789999993,0.03663350999999999,0.08883
11.702,190732.16899999988,0.03619683999999998,0.088675
11.721,188478.58471999993,0.035767819999999985,0.088519
11.74,186224.99255999996,0.03533879999999999,0.088362
11.759,183971.39251999996,0.034909779999999994,0.088204
11.777,181836.32172000015,0.03450334000000003,0.088044
11.796,179582.70592000015,0.034074320000000026,0.087884
11.815,177366.87436000013,0.03365250000000003,0.087722
11.834,175161.10704000012,0.03323260000000002,0.087558
11.853,172955.3397200001,0.03281270000000002,0.087394
11.871,170865.58164000002,0.0324149,0.087228
11.89,168659.79067999998,0.031994999999999996,0.087061
11.909,166478.56183999998,0.031579779999999995,0.086893
11.928,164324.61723999996,0.03116975999999999,0.086723
11.946,162283.95976000006,0.03078132000000001,0.086552
11.965,160129.99940000003,0.030371300000000007,0.08638
11.984,157976.03116000004,0.029961280000000003,0.086207
12.003,155831.03254,0.029552969999999998,0.086033
12.022,153733.89815999998,0.029153779999999994,0.085857
12.04,151747.05840000007,0.028775600000000016,0.08568
12.059,149649.90826000005,0.02837641000000001,0.085502
12.078,147552.75024000002,0.027977220000000007,0.085323
12.097,145455.57646000004,0.027578030000000003,0.085142
12.116,143407.1148,0.02718812,0.08496
12.134,141475.0456399999,0.026820379999999984,0.084778
12.153,139435.6953399999,0.02643220999999998,0.084593
12.172,137396.34503999987,0.026044039999999977,0.084408
12.191,135356.98685999986,0.025655869999999973,0.084222
12.209,133455.11041999998,0.025293889999999996,0.084034
12.228,131479.57648,0.02491788,0.083846
12.247,129504.02678000001,0.024541870000000004,0.083656
12.266,127528.46132000003,0.024165860000000004,0.083464
12.285,125552.89586000003,0.023789850000000008,0.083272
12.303,123691.45751999998,0.023435579999999998,0.083079
12.322,121780.70592000015,0.023071920000000027,0.082884
12.341,119869.95432000014,0.022708260000000025,0.082689
12.36,117959.18696000011,0.02234460000000002,0.082492
12.378,116148.89672000003,0.022000080000000005,0.082294
12.397,114238.11360000001,0.021636420000000003,0.082095
12.416,112386.12259999999,0.021283959999999998,0.081895
12.435,110545.14871999998,0.020933599999999997,0.081694
12.454,108704.15907999997,0.020583239999999992,0.081491
12.472,106959.97944000005,0.02025132000000001,0.081288
12.491,105118.97404000003,0.019900960000000006,0.081083
12.51,103315.76076000002,0.019557800000000004,0.080877
12.529,101546.56747999998,0.019221119999999998,0.080671
12.548,99777.35843999997,0.018884439999999995,0.080463
12.566,98101.1715199999,0.01856547999999998,0.080254
12.585,96331.94671999989,0.01822879999999998,0.080044
12.604,94578.46404000004,0.017895120000000007,0.079833
12.623,92884.03598000002,0.017572690000000002,0.079621
12.641,91278.68465999994,0.01726722999999999,0.079407
12.66,89584.24083999994,0.01694479999999999,0.079193
12.679,87889.78913999992,0.016622369999999984,0.078978
12.698,86195.32167999989,0.01629993999999998,0.078761
12.717,84570.46921999993,0.015990769999999984,0.078544
12.735,83038.79638000003,0.015699350000000004,0.078326
12.754,81422.11028000004,0.015391740000000008,0.078106
12.773,79805.42418000006,0.01508413000000001,0.077886
12.792,78188.72232000007,0.014776520000000013,0.077664
12.811,76619.37546000007,0.014477930000000012,0.077442
12.829,75165.14534,0.01420127,0.077218
12.848,73630.22271999998,0.013909239999999996,0.076994
12.867,72095.28433999997,0.013617209999999994,0.076768
12.886,70560.3459600001,0.013325180000000018,0.076542
12.904,69123.30432000002,0.013051800000000006,0.076314
12.923,67670.14518,0.012775350000000003,0.076086
12.942,66216.97028000001,0.0124989,0.075856
12.961,64763.79537999999,0.012222449999999998,0.075626
12.98,63310.612599999964,0.011945999999999993,0.075395
12.998,61933.80944000005,0.011684100000000008,0.075163
13.017,60557.35802000002,0.011422270000000005,0.074929
13.036,59189.93660000001,0.011162160000000003,0.074695
13.055,57822.5073,0.01090205,0.07446
13.073,56526.94261999995,0.01065562999999999,0.074224
13.092,55159.49755999994,0.010395519999999988,0.073987
13.111,53842.86461999993,0.010145089999999987,0.073749
13.13,52563.191679999916,0.009901699999999984,0.073511
13.149,51283.50298000003,0.009658310000000005,0.073271
13.167,50071.058899999975,0.009427729999999995,0.07303
13.186,48791.36231999996,0.009184339999999992,0.072789
13.205,47535.02035999996,0.008945399999999992,0.072547
13.224,46344.077639999974,0.008718919999999995,0.072303
13.243,45153.134919999975,0.008492439999999995,0.072059
13.261,44024.76432000006,0.008277880000000012,0.071814
13.28,42833.81372000007,0.008051400000000014,0.071569
13.299,41642.84736000007,0.007824920000000015,0.071322
13.318,40537.87600000006,0.007614820000000012,0.071075
13.336,39495.46888000002,0.007416640000000004,0.070826
13.355,38395.25926000001,0.0072074500000000015,0.070577
13.374,37295.04176,0.006998259999999999,0.070327
13.393,36194.81637999999,0.006789069999999997,0.070076
13.412,35152.55099999997,0.006590919999999995,0.069825
13.43,34197.05236000003,0.006409300000000006,0.069572
13.449,33188.581220000015,0.006217590000000004,0.069319
13.468,32180.10220000001,0.006025880000000002,0.069065
13.487,31171.615299999998,0.00583417,0.06881
13.506,30192.423399999992,0.005648039999999998,0.068555
13.524,29324.77824000004,0.005483160000000008,0.068298
13.543,28409.04308000003,0.005309120000000006,0.068041
13.562,27493.30004000002,0.005135080000000004,0.067783
13.581,26577.55700000001,0.004961040000000002,0.067525
13.599,25709.888199999972,0.004796159999999995,0.067265
13.618,24882.959399999967,0.004639039999999994,0.067005
13.637,24060.96559999996,0.004482859999999992,0.066745
13.656,23238.956039999954,0.004326679999999991,0.066483
13.675,22416.946479999937,0.0041704999999999885,0.066221
13.693,21638.084039999983,0.004022539999999997,0.065958
13.712,20875.27871999999,0.0038776399999999977,0.065694
13.731,20147.018399999997,0.003739319999999999,0.06543
13.75,19418.7502,0.003601,0.065165
13.768,18728.694119999982,0.0034699599999999968,0.064899
13.787,18000.41803999999,0.003331639999999998,0.064633
13.806,17301.429080000053,0.00319890000000001,0.064366
13.825,16665.904740000045,0.0030782500000000085,0.064098
13.844,16030.380400000038,0.0029576000000000073,0.06383
13.862,15428.185680000013,0.0028433000000000026,0.063561
13.881,14792.645580000006,0.002722650000000001,0.063291
13.9,14157.105479999998,0.0026019999999999997,0.063021
13.919,13612.329999999993,0.0024986399999999986,0.06275
13.938,13067.546639999988,0.002395279999999998,0.062478
13.956,12551.323280000017,0.0022973600000000035,0.062206
13.975,12006.539920000012,0.0021940000000000024,0.061934
13.994,11461.740800000007,0.0020906400000000012,0.06166
14.013,10977.001680000001,0.0019987200000000003,0.061386
14.031,10543.922559999983,0.0019166399999999968,0.061112
14.05,10086.895559999979,0.001829999999999996,0.060837
14.069,9629.868559999974,0.001743359999999995,0.060562
14.088,9172.825800000011,0.0016567200000000024,0.060285
14.107,8745.925920000005,0.0015758200000000012,0.060009
14.125,8390.31315999999,0.0015084999999999983,0.059732
14.144,8015.057519999988,0.0014374399999999977,0.059454
14.163,7639.801879999984,0.001366379999999997,0.059176
14.182,7264.53835999998,0.001295319999999996,0.058897
14.201,6893.21233999998,0.0012250099999999962,0.058618
14.219,6608.450940000002,0.0011711900000000003,0.058338
14.238,6307.992040000004,0.0011143800000000008,0.058058
14.257,6007.525260000006,0.0010575700000000012,0.057777
14.276,5707.058480000008,0.0010007600000000016,0.057496
14.294,5422.289200000002,0.0009469400000000005,0.057215
14.313,5165.486660000001,0.0008984500000000002,0.056932
14.332,4928.851999999998,0.0008537999999999996,0.05665
14.351,4692.2094599999955,0.0008091499999999991,0.056367
14.37,4455.566920000016,0.0007645000000000029,0.056084
14.388,4231.254000000006,0.0007222000000000012,0.0558
14.407,4014.448580000003,0.0006813300000000005,0.055516
14.426,3831.655280000001,0.0006469400000000001,0.055231
14.445,3648.8619799999988,0.0006125499999999998,0.054946
14.463,3475.571180000009,0.0005799700000000017,0.054661
14.482,3292.770000000007,0.0005455800000000013,0.054375
14.501,3112.278820000004,0.0005116300000000008,0.054089
14.52,2973.367640000002,0.0004856000000000005,0.053803
14.539,2834.4485800000007,0.0004595700000000002,0.053516
14.557,2702.7220199999956,0.0004349099999999992,0.053229
14.576,2563.7950799999944,0.00040887999999999894,0.052941
14.595,2424.8681399999928,0.0003828499999999986,0.052653
14.614,2310.9311999999936,0.00036157999999999877,0.052365
14.633,2205.919260000002,0.0003420100000000004,0.052077
14.651,2106.306939999998,0.00032346999999999964,0.051788
14.67,2001.2871199999972,0.00030389999999999947,0.051499
14.689,1896.2672999999963,0.0002843299999999993,0.05121
14.708,1802.1595999999968,0.0002668399999999994,0.05092
14.726,1727.1172799999954,0.0002529799999999991,0.050631
14.745,1648.024580000003,0.00023835000000000056,0.050341
14.764,1568.9240000000036,0.00022372000000000068,0.05005
14.783,1489.8313000000041,0.00020909000000000078,0.04976
14.802,1412.9357200000034,0.00019488000000000063,0.049469
14.82,1357.722640000001,0.0001848000000000002,0.049178
14.839,1299.5695600000006,0.0001741600000000001,0.048887
14.858,1241.41648,0.00016352,0.048596
14.877,1183.2555199999993,0.00015287999999999988,0.048304
14.895,1128.0345600000023,0.00014280000000000046,0.048012
14.914,1080.8986000000014,0.00013426000000000025,0.04772
14.933,1037.700140000001,0.0001264700000000002,0.047428
14.952,994.5016800000005,0.0001186800000000001,0.047136
14.971,951.3032200000001,0.00011089000000000002,0.046844
14.989,910.2493799999986,0.00010350999999999972,0.046551
15.008,871.6709200000014,9.660000000000026e-05,0.046259
15.027,839.4370800000011,9.09000000000002e-05,0.045966
15.046,807.2032400000007,8.520000000000015e-05,0.045673
15.065,774.9772800000005,7.950000000000009e-05,0.045381
15.083,744.3184399999993,7.409999999999986e-05,0.045088
15.102,712.9167199999993,6.855999999999986e-05,0.044794
15.121,688.662879999999,6.437999999999981e-05,0.044501
15.14,664.4090399999988,6.019999999999977e-05,0.044208
15.158,641.3102,5.624e-05,0.043915
15.177,617.0563599999997,5.2059999999999945e-05,0.043622
15.196,592.8025199999995,4.78799999999999e-05,0.043329
15.215,548.8532999999991,3.994999999999983e-05,0.043035
15.234,499.66195999999945,3.1019999999999896e-05,0.042742
15.252,452.93811999999843,2.2559999999999696e-05,0.042449
15.271,403.73889999999875,1.3629999999999766e-05,0.042155
15.29,354.5475600000035,4.700000000000663e-06,0.041862
15.309,327.56372,0.0,0.041569
15.328,325.25488,0.0,0.041276
15.346,322.94604,0.0,0.040983
15.365,320.63719999999995,0.0,0.04069
15.384,318.32836000000003,0.0,0.040397
15.403,316.01952,0.0,0.040104
15.421,313.71067999999997,0.0,0.039811
15.44,311.40972,0.0,0.039519
15.459,309.10087999999996,0.0,0.039226
15.478,306.79992000000004,0.0,0.038934
15.497,304.49896,0.0,0.038642
15.515,302.19012000000004,0.0,0.038349
15.534,299.89704,0.0,0.038058
15.553,297.59608000000003,0.0,0.037766
15.572,295.29512,0.0,0.037474
15.59,293.00204,0.0,0.037183
15.609,290.70896,0.0,0.036892
15.628,288.41588,0.0,0.036601
15.647,286.12280000000004,0.0,0.03631
15.666,283.82972,0.0,0.036019
15.684,281.54452,0.0,0.035729
15.703,279.25932,0.0,0.035439
15.722,276.97411999999997,0.0,0.035149
15.741,274.6968,0.0,0.03486
15.76,272.41947999999996,0.0,0.034571
15.778,270.14216,0.0,0.034282
15.797,267.86484,0.0,0.033993
15.816,265.5954,0.0,0.033705
15.835,263.32596,0.0,0.033417
15.853,261.05652,0.0,0.033129
15.872,258.79496,0.0,0.032842
15.891,256.53340000000003,0.0,0.032555
15.91,254.27972,0.0,0.032269
15.929,252.02604,0.0,0.031983
15.947,249.77236000000002,0.0,0.031697
15.966,247.52656000000002,0.0,0.031412
15.985,245.28076,0.0,0.031127
16.004,243.04283999999998,0.0,0.030843
16.023,240.80491999999998,0.0,0.030559
16.041,238.567,0.0,0.030275
16.06,236.33696,0.0,0.029992
16.079,234.1148,0.0,0.02971
16.098,231.89264,0.0,0.029428
16.116,229.67048,0.0,0.029146
16.135,227.4562,0.0,0.028865
16.154,225.24192,0.0,0.028584
16.173,223.03552,0.0,0.028304
16.192,220.83700000000002,0.0,0.028025
16.21,218.63848,0.0,0.027746
16.229,216.44783999999999,0.0,0.027468
16.248,214.25719999999998,0.0,0.02719
16.267,212.07443999999998,0.0,0.026913
16.285,209.89168,0.0,0.026636
16.304,207.7168,0.0,0.02636
16.323,205.5498,0.0,0.026085
16.342,203.3828,0.0,0.02581
16.361,201.23156,0.0,0.025537
16.379,199.07244,0.0,0.025263
16.398,196.92908,0.0,0.024991
16.417,194.78572,0.0,0.024719
16.436,192.64236,0.0,0.024447
16.455,190.51476,0.0,0.024177
16.473,188.38716000000002,0.0,0.023907
16.492,186.26744,0.0,0.023638
16.511,184.1556,0.0,0.02337
16.53,182.04376000000002,0.0,0.023102
16.548,179.93980000000002,0.0,0.022835
16.567,177.84372,0.0,0.022569
16.586,175.75552000000002,0.0,0.022304
16.605,173.67520000000002,0.0,0.02204
16.624,171.59488,0.0,0.021776
16.642,169.53032,0.0,0.021514
16.661,167.46576,0.0,0.021252
16.68,165.40908,0.0,0.020991
16.699,163.36028,0.0,0.020731
16.718,161.31148,0.0,0.020471
16.736,159.27844,0.0,0.020213
16.755,157.25328000000002,0.0,0.019956
16.774,155.22812000000002,0.0,0.019699
16.793,153.21872,0.0,0.019444
16.811,151.20932000000002,0.0,0.019189
16.83,149.21568000000002,0.0,0.018936
16.849,147.22204000000002,0.0,0.018683
16.868,145.23628,0.0,0.018431
16.887,143.26628,0.0,0.018181
16.905,141.29628,0.0,0.017931
16.924,139.33416,0.0,0.017682
16.943,137.3878,0.0,0.017435
16.962,135.44144,0.0,0.017188
16.98,133.51084,0.0,0.016943
16.999,131.58024,0.0,0.016698
17.018,129.6654,0.0,0.016455
17.037,127.75844000000001,0.0,0.016213
17.056,125.85936,0.0,0.015972
17.074,123.96816,0.0,0.015732
17.093,122.08484,0.0,0.015493
17.112,120.21728,0.0,0.015256
17.131,118.34971999999999,0.0,0.015019
17.15,116.49792000000001,0.0,0.014784
17.168,114.654,0.0,0.01455
17.187,112.81796,0.0,0.014317
17.206,110.9898,0.0,0.014085
17.225,109.17739999999999,0.0,0.013855
17.243,107.37288,0.0,0.013626
17.262,105.57624,0.0,0.013398
17.281,103.79536,0.0,0.013172
17.3,102.01447999999999,0.0,0.012946
17.319,100.24936000000001,0.0,0.012722
17.337,98.5,0.0,0.0125
17.356,96.75064,0.0,0.012278
17.375,95.01704,0.0,0.012058
17.394,93.2992,0.0,0.01184
17.413,91.58136,0.0,0.011622
17.431,89.88716000000001,0.0,0.011407
17.45,88.19296,0.0,0.011192
17.469,86.51451999999999,0.0,0.010979
17.488,84.85184,0.0,0.010768
17.506,83.18916,0.0,0.010557
17.525,81.55012,0.0,0.010349
17.544,79.91108000000001,0.0,0.010141
17.563,78.29252799999999,0.0,0.0099356
17.582,76.683432,0.0,0.0097314
17.6,75.085368,0.0,0.0095286
17.619,73.499912,0.0,0.0093274
17.638,71.926276,0.0,0.0091277
17.657,70.365248,0.0,0.0089296
17.675,68.81604,0.0,0.008733
17.694,67.27944000000001,0.0,0.008538
17.713,65.755448,0.0,0.0083446
17.732,64.244064,0.0,0.0081528
17.751,62.745288,0.0,0.0079626
17.769,61.259908,0.0,0.0077741
17.788,59.787136,0.0,0.0075872
17.807,58.32776,0.0,0.007402
17.826,56.880992,0.0,0.0072184
17.845,55.448408,0.0,0.0070366
17.863,54.028432,0.0,0.0068564
17.882,52.62264,0.0,0.006678
17.901,51.229456000000006,0.0,0.0065012
17.92,49.851244,0.0,0.0063263
17.938,48.48564,0.0,0.006153
17.957,47.135008,0.0,0.0059816
17.976,45.797772,0.0,0.0058119
17.995,44.47472,0.0,0.005644
18.014,43.16664,0.0,0.005478
18.032,41.871956000000004,0.0,0.0053137
18.051,40.592244,0.0,0.0051513
18.07,39.326716,0.0,0.0049907
18.089,38.07616,0.0,0.004832
18.108,36.840576,0.0,0.0046752
18.126,35.619176,0.0,0.0045202
18.145,34.412748,0.0,0.0043671
18.164,33.22208,0.0,0.004216
18.183,32.045596,0.0,0.0040667
18.201,30.884083999999998,0.0,0.0039193
18.22,29.738332,0.0,0.0037739
18.239,28.607552000000002,0.0,0.0036304
18.258,27.492532,0.0,0.0034889
18.277,26.392484,0.0,0.0033493
18.295,25.308196,0.0,0.0032117
18.314,24.23888,0.0,0.003076
18.333,23.185324,0.0,0.0029423
18.352,22.147527999999998,0.0,0.0028106
18.37,21.124704,0.0,0.0026808
18.389,20.11764,0.0,0.002553
18.408,19.125548000000002,0.0,0.0024271
18.427,18.149216,0.0,0.0023032
18.446,17.187856,0.0,0.0021812
18.464,16.240679999999998,0.0,0.002061
18.483,15.309263999999999,0.0,0.0019428
18.502,14.392032,0.0,0.0018264
18.521,13.489771999999999,0.0,0.0017119
18.54,12.60012,0.0,0.001599
18.558,11.723864,0.0,0.0014878
18.577,10.859428,0.0,0.0013781
18.596,10.006812,0.0,0.0012699
18.615,9.163651999999999,0.0,0.0011629
18.633,8.327584000000002,0.0,0.0010568
18.652,7.496638,0.0,0.00095135
18.671,6.6664012,0.0,0.00084599
18.69,5.830806,0.0,0.00073995
18.709,4.9798447999999995,0.0,0.00063196
18.727,4.0962604,0.0,0.00051983
18.746,3.1441988,0.0,0.00039901
18.765,2.0282332,0.0,0.00025739
18.784,0.0,0.0,0.0
